ts_utc,ts_local,date,hour,source,score,hint,jams_length,error
2026-08-18T01:20:02+00:00,2026-08-18T09:20:02,2026-08-18,9,2gis,1,,,
2026-08-18T01:20:02+00:00,2026-08-18T09:20:02,2026-08-18,9,yandex,2,Дороги почти свободны,19942.5,
2026-08-19T07:05:19+00:00,2026-08-19T15:05:19,2026-08-19,15,2gis,1,,,
2026-08-19T07:05:19+00:00,2026-08-19T15:05:19,2026-08-19,15,yandex,3,Местами затруднения,24485.3,
2026-08-19T09:52:37+00:00,2026-08-19T17:52:37,2026-08-19,17,2gis,5,,,
2026-08-19T09:52:37+00:00,2026-08-19T17:52:37,2026-08-19,17,yandex,7,Серьёзные пробки,42700.8,
2026-08-19T10:59:42+00:00,2026-08-19T18:59:42,2026-08-19,18,2gis,3,,,
2026-08-19T10:59:42+00:00,2026-08-19T18:59:42,2026-08-19,18,yandex,6,Движение затруднено,38840.8,
2026-08-19T11:57:39+00:00,2026-08-19T19:57:39,2026-08-19,19,2gis,1,,,
2026-08-19T11:57:39+00:00,2026-08-19T19:57:39,2026-08-19,19,yandex,3,Местами затруднения,21873.2,
2026-08-19T14:07:57+00:00,2026-08-19T22:07:57,2026-08-19,22,2gis,1,,,
2026-08-19T14:07:57+00:00,2026-08-19T22:07:57,2026-08-19,22,yandex,1,На дорогах свободно,14400.5,
2026-08-19T23:51:01+00:00,2026-08-20T07:51:01,2026-08-20,7,2gis,1,,,
2026-08-19T23:51:01+00:00,2026-08-20T07:51:01,2026-08-20,7,yandex,2,Дороги почти свободны,15388.6,
2026-08-20T03:13:25+00:00,2026-08-20T11:13:25,2026-08-20,11,2gis,2,,,
2026-08-20T03:13:25+00:00,2026-08-20T11:13:25,2026-08-20,11,yandex,3,Местами затруднения,28948.4,
2026-08-20T05:19:20+00:00,2026-08-20T13:19:20,2026-08-20,13,2gis,2,,,
2026-08-20T05:19:20+00:00,2026-08-20T13:19:20,2026-08-20,13,yandex,3,Местами затруднения,32471.9,
2026-08-20T08:04:46+00:00,2026-08-20T16:04:46,2026-08-20,16,2gis,1,,,
2026-08-20T08:04:46+00:00,2026-08-20T16:04:46,2026-08-20,16,yandex,3,Местами затруднения,25684.9,
2026-08-20T10:14:36+00:00,2026-08-20T18:14:36,2026-08-20,18,2gis,5,,,
2026-08-20T10:14:36+00:00,2026-08-20T18:14:36,2026-08-20,18,yandex,6,Движение затруднено,42608.1,
2026-08-20T11:58:15+00:00,2026-08-20T19:58:15,2026-08-20,19,2gis,1,,,
2026-08-20T11:58:15+00:00,2026-08-20T19:58:15,2026-08-20,19,yandex,2,Дороги почти свободны,21920.4,
2026-08-20T14:10:44+00:00,2026-08-20T22:10:44,2026-08-20,22,2gis,1,,,
2026-08-20T14:10:44+00:00,2026-08-20T22:10:44,2026-08-20,22,yandex,1,На дорогах свободно,12755.2,
2026-08-20T23:54:19+00:00,2026-08-21T07:54:19,2026-08-21,7,2gis,1,,,
2026-08-20T23:54:19+00:00,2026-08-21T07:54:19,2026-08-21,7,yandex,2,Дороги почти свободны,17561.5,
2026-08-21T03:31:24+00:00,2026-08-21T11:31:24,2026-08-21,11,2gis,1,,,
2026-08-21T03:31:24+00:00,2026-08-21T11:31:24,2026-08-21,11,yandex,3,Местами затруднения,25723.0,
2026-08-21T05:50:32+00:00,2026-08-21T13:50:32,2026-08-21,13,2gis,2,,,
2026-08-21T05:50:32+00:00,2026-08-21T13:50:32,2026-08-21,13,yandex,3,Местами затруднения,27295.1,
2026-08-21T08:05:47+00:00,2026-08-21T16:05:47,2026-08-21,16,2gis,3,,,
2026-08-21T08:05:47+00:00,2026-08-21T16:05:47,2026-08-21,16,yandex,4,Местами затруднения,32702.8,
2026-08-21T10:14:57+00:00,2026-08-21T18:14:57,2026-08-21,18,2gis,5,,,
2026-08-21T10:14:57+00:00,2026-08-21T18:14:57,2026-08-21,18,yandex,7,Серьёзные пробки,42923.3,
2026-08-21T11:57:46+00:00,2026-08-21T19:57:46,2026-08-21,19,2gis,1,,,
2026-08-21T11:57:46+00:00,2026-08-21T19:57:46,2026-08-21,19,yandex,4,Местами затруднения,22348.6,
2026-08-21T14:07:18+00:00,2026-08-21T22:07:18,2026-08-21,22,2gis,1,,,
2026-08-21T14:07:18+00:00,2026-08-21T22:07:18,2026-08-21,22,yandex,1,На дорогах свободно,12467.8,
2026-08-21T23:52:43+00:00,2026-08-22T07:52:43,2026-08-22,7,2gis,1,,,
2026-08-21T23:52:43+00:00,2026-08-22T07:52:43,2026-08-22,7,yandex,0,На дорогах свободно,6852.7,
2026-08-22T03:09:58+00:00,2026-08-22T11:09:58,2026-08-22,11,2gis,1,,,
2026-08-22T03:09:58+00:00,2026-08-22T11:09:58,2026-08-22,11,yandex,2,Дороги почти свободны,18278.7,
2026-08-22T05:04:37+00:00,2026-08-22T13:04:37,2026-08-22,13,2gis,1,,,
2026-08-22T05:04:37+00:00,2026-08-22T13:04:37,2026-08-22,13,yandex,3,Местами затруднения,20573.2,
2026-08-22T07:45:54+00:00,2026-08-22T15:45:54,2026-08-22,15,2gis,1,,,
2026-08-22T07:45:54+00:00,2026-08-22T15:45:54,2026-08-22,15,yandex,2,Дороги почти свободны,21936.1,
2026-08-22T09:02:55+00:00,2026-08-22T17:02:55,2026-08-22,17,2gis,1,,,
2026-08-22T09:02:55+00:00,2026-08-22T17:02:55,2026-08-22,17,yandex,2,Дороги почти свободны,18047.3,
2026-08-22T10:54:30+00:00,2026-08-22T18:54:30,2026-08-22,18,2gis,1,,,
2026-08-22T10:54:30+00:00,2026-08-22T18:54:30,2026-08-22,18,yandex,1,На дорогах свободно,12912.4,
2026-08-22T11:45:31+00:00,2026-08-22T19:45:31,2026-08-22,19,2gis,1,,,
2026-08-22T11:45:31+00:00,2026-08-22T19:45:31,2026-08-22,19,yandex,1,На дорогах свободно,12764.2,
2026-08-22T13:44:29+00:00,2026-08-22T21:44:29,2026-08-22,21,2gis,1,,,
2026-08-22T13:44:29+00:00,2026-08-22T21:44:29,2026-08-22,21,yandex,1,На дорогах свободно,13722.9,
2026-08-22T14:52:23+00:00,2026-08-22T22:52:23,2026-08-22,22,2gis,1,,,
2026-08-22T14:52:23+00:00,2026-08-22T22:52:23,2026-08-22,22,yandex,1,На дорогах свободно,8662.4,
2026-08-22T15:48:41+00:00,2026-08-22T23:48:41,2026-08-22,23,2gis,2,,,
2026-08-22T15:48:41+00:00,2026-08-22T23:48:41,2026-08-22,23,yandex,2,Дороги почти свободны,15300.6,
2026-08-22T23:47:00+00:00,2026-08-23T07:47:00,2026-08-23,7,2gis,1,,,
2026-08-22T23:47:00+00:00,2026-08-23T07:47:00,2026-08-23,7,yandex,0,На дорогах свободно,5291.2,
2026-08-23T03:31:03+00:00,2026-08-23T11:31:03,2026-08-23,11,2gis,1,,,
2026-08-23T03:31:03+00:00,2026-08-23T11:31:03,2026-08-23,11,yandex,1,На дорогах свободно,11978.1,
2026-08-23T05:16:12+00:00,2026-08-23T13:16:12,2026-08-23,13,2gis,1,,,
2026-08-23T05:16:12+00:00,2026-08-23T13:16:12,2026-08-23,13,yandex,1,На дорогах свободно,15330.6,
2026-08-23T07:48:30+00:00,2026-08-23T15:48:30,2026-08-23,15,2gis,1,,,
2026-08-23T07:48:30+00:00,2026-08-23T15:48:30,2026-08-23,15,yandex,1,На дорогах свободно,15850.4,
2026-08-23T09:47:17+00:00,2026-08-23T17:47:17,2026-08-23,17,2gis,1,,,
2026-08-23T09:47:17+00:00,2026-08-23T17:47:17,2026-08-23,17,yandex,2,Дороги почти свободны,17469.5,
2026-08-23T10:53:57+00:00,2026-08-23T18:53:57,2026-08-23,18,2gis,1,,,
2026-08-23T10:53:57+00:00,2026-08-23T18:53:57,2026-08-23,18,yandex,2,Дороги почти свободны,13782.8,
2026-08-23T11:43:52+00:00,2026-08-23T19:43:52,2026-08-23,19,2gis,1,,,
2026-08-23T11:43:52+00:00,2026-08-23T19:43:52,2026-08-23,19,yandex,1,На дорогах свободно,15837.1,
2026-08-23T13:45:18+00:00,2026-08-23T21:45:18,2026-08-23,21,2gis,1,,,
2026-08-23T13:45:18+00:00,2026-08-23T21:45:18,2026-08-23,21,yandex,1,На дорогах свободно,10451.3,
2026-08-23T14:54:10+00:00,2026-08-23T22:54:10,2026-08-23,22,2gis,1,,,
2026-08-23T14:54:10+00:00,2026-08-23T22:54:10,2026-08-23,22,yandex,0,На дорогах свободно,9939.2,
2026-08-23T15:48:47+00:00,2026-08-23T23:48:47,2026-08-23,23,2gis,1,,,
2026-08-23T15:48:47+00:00,2026-08-23T23:48:47,2026-08-23,23,yandex,0,На дорогах свободно,6920.1,
2026-08-23T23:42:36+00:00,2026-08-24T07:42:36,2026-08-24,7,2gis,1,,,
2026-08-23T23:42:36+00:00,2026-08-24T07:42:36,2026-08-24,7,yandex,2,Дороги почти свободны,16193.5,
2026-08-24T03:33:37+00:00,2026-08-24T11:33:37,2026-08-24,11,2gis,2,,,
2026-08-24T03:33:37+00:00,2026-08-24T11:33:37,2026-08-24,11,yandex,3,Местами затруднения,21456.3,
2026-08-24T05:26:35+00:00,2026-08-24T13:26:35,2026-08-24,13,2gis,2,,,
2026-08-24T05:26:35+00:00,2026-08-24T13:26:35,2026-08-24,13,yandex,3,Местами затруднения,27831.5,
2026-08-24T08:10:40+00:00,2026-08-24T16:10:40,2026-08-24,16,2gis,2,,,
2026-08-24T08:10:40+00:00,2026-08-24T16:10:40,2026-08-24,16,yandex,3,Местами затруднения,20979.5,
2026-08-24T10:22:44+00:00,2026-08-24T18:22:44,2026-08-24,18,2gis,6,,,
2026-08-24T10:22:44+00:00,2026-08-24T18:22:44,2026-08-24,18,yandex,7,Серьёзные пробки,40736.6,
2026-08-24T11:56:06+00:00,2026-08-24T19:56:06,2026-08-24,19,2gis,1,,,
2026-08-24T11:56:06+00:00,2026-08-24T19:56:06,2026-08-24,19,yandex,3,Местами затруднения,20083.8,
2026-08-24T14:26:20+00:00,2026-08-24T22:26:20,2026-08-24,22,2gis,1,,,
2026-08-24T14:26:20+00:00,2026-08-24T22:26:20,2026-08-24,22,yandex,1,На дорогах свободно,11559.7,
2026-08-24T16:08:04+00:00,2026-08-25T00:08:04,2026-08-25,0,2gis,1,,,
2026-08-24T16:08:04+00:00,2026-08-25T00:08:04,2026-08-25,0,yandex,0,На дорогах свободно,6094.6,
2026-08-24T23:47:40+00:00,2026-08-25T07:47:40,2026-08-25,7,2gis,1,,,
2026-08-24T23:47:40+00:00,2026-08-25T07:47:40,2026-08-25,7,yandex,2,Дороги почти свободны,17337.8,
2026-08-25T03:15:49+00:00,2026-08-25T11:15:49,2026-08-25,11,2gis,3,,,
2026-08-25T03:15:49+00:00,2026-08-25T11:15:49,2026-08-25,11,yandex,7,Серьёзные пробки,36142.4,
2026-08-25T05:08:18+00:00,2026-08-25T13:08:18,2026-08-25,13,2gis,3,,,
2026-08-25T05:08:18+00:00,2026-08-25T13:08:18,2026-08-25,13,yandex,4,Местами затруднения,36792.2,
2026-08-25T07:33:09+00:00,2026-08-25T15:33:09,2026-08-25,15,2gis,2,,,
2026-08-25T07:33:09+00:00,2026-08-25T15:33:09,2026-08-25,15,yandex,3,Местами затруднения,27390.9,
2026-08-25T09:20:52+00:00,2026-08-25T17:20:52,2026-08-25,17,2gis,5,,,
2026-08-25T09:20:52+00:00,2026-08-25T17:20:52,2026-08-25,17,yandex,5,Движение плотное,46308.2,
2026-08-25T11:02:41+00:00,2026-08-25T19:02:41,2026-08-25,19,2gis,3,,,
2026-08-25T11:02:41+00:00,2026-08-25T19:02:41,2026-08-25,19,yandex,5,Движение плотное,34551.1,
2026-08-25T14:09:25+00:00,2026-08-25T22:09:25,2026-08-25,22,2gis,1,,,
2026-08-25T14:09:25+00:00,2026-08-25T22:09:25,2026-08-25,22,yandex,1,На дорогах свободно,14379.3,
2026-08-25T16:18:30+00:00,2026-08-26T00:18:30,2026-08-26,0,2gis,1,,,
2026-08-25T16:18:30+00:00,2026-08-26T00:18:30,2026-08-26,0,yandex,0,На дорогах свободно,7198.9,
2026-08-25T23:51:20+00:00,2026-08-26T07:51:20,2026-08-26,7,2gis,1,,,
2026-08-25T23:51:20+00:00,2026-08-26T07:51:20,2026-08-26,7,yandex,2,Дороги почти свободны,17163.0,
2026-08-26T05:07:51+00:00,2026-08-26T13:07:51,2026-08-26,13,2gis,2,,,
2026-08-26T05:07:51+00:00,2026-08-26T13:07:51,2026-08-26,13,yandex,3,Местами затруднения,28142.0,
2026-08-26T06:00:00+00:00,2026-08-26T14:00:00,2026-08-26,14,2gis,2,,,
2026-08-26T06:00:00+00:00,2026-08-26T14:00:00,2026-08-26,14,yandex,3,Местами затруднения,27908.6,
2026-08-26T07:00:00+00:00,2026-08-26T15:00:00,2026-08-26,15,2gis,1,,,
2026-08-26T07:00:00+00:00,2026-08-26T15:00:00,2026-08-26,15,yandex,3,Местами затруднения,24788.4,
2026-08-26T08:00:00+00:00,2026-08-26T16:00:00,2026-08-26,16,2gis,2,,,
2026-08-26T08:00:00+00:00,2026-08-26T16:00:00,2026-08-26,16,yandex,3,Местами затруднения,26949.9,
2026-08-26T09:00:00+00:00,2026-08-26T17:00:00,2026-08-26,17,2gis,3,,,
2026-08-26T09:00:00+00:00,2026-08-26T17:00:00,2026-08-26,17,yandex,4,Местами затруднения,32114.6,
2026-08-26T10:00:00+00:00,2026-08-26T18:00:00,2026-08-26,18,2gis,6,,,
2026-08-26T10:00:00+00:00,2026-08-26T18:00:00,2026-08-26,18,yandex,7,Серьёзные пробки,45160.3,
2026-08-26T11:00:00+00:00,2026-08-26T19:00:00,2026-08-26,19,2gis,4,,,
2026-08-26T11:00:00+00:00,2026-08-26T19:00:00,2026-08-26,19,yandex,6,Движение затруднено,38958.7,
2026-08-26T12:00:00+00:00,2026-08-26T20:00:00,2026-08-26,20,2gis,3,,,
2026-08-26T12:00:00+00:00,2026-08-26T20:00:00,2026-08-26,20,yandex,4,Местами затруднения,27868.9,
2026-08-26T13:00:00+00:00,2026-08-26T21:00:00,2026-08-26,21,2gis,1,,,
2026-08-26T13:00:00+00:00,2026-08-26T21:00:00,2026-08-26,21,yandex,3,Местами затруднения,24312.8,
2026-08-26T14:00:00+00:00,2026-08-26T22:00:00,2026-08-26,22,2gis,1,,,
2026-08-26T14:00:00+00:00,2026-08-26T22:00:00,2026-08-26,22,yandex,1,На дорогах свободно,17056.7,
2026-08-26T15:00:00+00:00,2026-08-26T23:00:00,2026-08-26,23,2gis,1,,,
2026-08-26T15:00:00+00:00,2026-08-26T23:00:00,2026-08-26,23,yandex,1,На дорогах свободно,9609.1,
2026-08-27T05:00:17+00:00,2026-08-27T13:00:17,2026-08-27,13,2gis,1,,,
2026-08-27T05:00:17+00:00,2026-08-27T13:00:17,2026-08-27,13,yandex,3,Местами затруднения,24728.3,
2026-08-27T06:00:00+00:00,2026-08-27T14:00:00,2026-08-27,14,2gis,2,,,
2026-08-27T06:00:00+00:00,2026-08-27T14:00:00,2026-08-27,14,yandex,3,Местами затруднения,23886.4,
2026-08-27T07:00:00+00:00,2026-08-27T15:00:00,2026-08-27,15,2gis,2,,,
2026-08-27T07:00:00+00:00,2026-08-27T15:00:00,2026-08-27,15,yandex,3,Местами затруднения,27202.8,
2026-08-27T08:00:00+00:00,2026-08-27T16:00:00,2026-08-27,16,2gis,2,,,
2026-08-27T08:00:00+00:00,2026-08-27T16:00:00,2026-08-27,16,yandex,3,Местами затруднения,26186.7,
2026-08-27T09:00:00+00:00,2026-08-27T17:00:00,2026-08-27,17,2gis,2,,,
2026-08-27T09:00:00+00:00,2026-08-27T17:00:00,2026-08-27,17,yandex,4,Местами затруднения,30235.8,
2026-08-27T10:00:00+00:00,2026-08-27T18:00:00,2026-08-27,18,2gis,5,,,
2026-08-27T10:00:00+00:00,2026-08-27T18:00:00,2026-08-27,18,yandex,6,Движение затруднено,42527.0,
2026-08-28T03:46:25+00:00,2026-08-28T11:46:25,2026-08-28,11,2gis,2,,,
2026-08-28T03:46:25+00:00,2026-08-28T11:46:25,2026-08-28,11,yandex,3,Местами затруднения,26816.0,
2026-08-28T04:00:00+00:00,2026-08-28T12:00:00,2026-08-28,12,2gis,2,,,
2026-08-28T04:00:00+00:00,2026-08-28T12:00:00,2026-08-28,12,yandex,3,Местами затруднения,26236.4,
2026-08-28T05:00:00+00:00,2026-08-28T13:00:00,2026-08-28,13,2gis,3,,,
2026-08-28T05:00:00+00:00,2026-08-28T13:00:00,2026-08-28,13,yandex,3,Местами затруднения,28220.4,
2026-08-28T08:40:53+00:00,2026-08-28T16:40:53,2026-08-28,16,2gis,5,,,
2026-08-28T08:40:53+00:00,2026-08-28T16:40:53,2026-08-28,16,yandex,5,Движение плотное,42207.8,
2026-08-28T09:00:53+00:00,2026-08-28T17:00:53,2026-08-28,17,2gis,5,,,
2026-08-28T09:00:53+00:00,2026-08-28T17:00:53,2026-08-28,17,yandex,6,Движение затруднено,40797.5,
2026-08-28T10:00:53+00:00,2026-08-28T18:00:53,2026-08-28,18,2gis,5,,,
2026-08-28T10:00:53+00:00,2026-08-28T18:00:53,2026-08-28,18,yandex,7,Серьёзные пробки,45502.5,
2026-08-28T11:00:53+00:00,2026-08-28T19:00:53,2026-08-28,19,2gis,3,,,
2026-08-28T11:00:53+00:00,2026-08-28T19:00:53,2026-08-28,19,yandex,6,Движение затруднено,31041.8,
2026-08-28T12:00:53+00:00,2026-08-28T20:00:53,2026-08-28,20,2gis,1,,,
2026-08-28T12:00:53+00:00,2026-08-28T20:00:53,2026-08-28,20,yandex,4,Местами затруднения,25649.7,
2026-08-28T13:00:59+00:00,2026-08-28T21:00:59,2026-08-28,21,2gis,1,,,
2026-08-28T13:00:59+00:00,2026-08-28T21:00:59,2026-08-28,21,yandex,2,Дороги почти свободны,19384.7,
2026-08-28T14:01:00+00:00,2026-08-28T22:01:00,2026-08-28,22,2gis,1,,,
2026-08-28T14:01:00+00:00,2026-08-28T22:01:00,2026-08-28,22,yandex,1,На дорогах свободно,12360.3,
2026-08-28T15:01:00+00:00,2026-08-28T23:01:00,2026-08-28,23,2gis,1,,,
2026-08-28T15:01:00+00:00,2026-08-28T23:01:00,2026-08-28,23,yandex,0,На дорогах свободно,8720.2,
2026-08-28T23:00:00+00:00,2026-08-29T07:00:00,2026-08-29,7,2gis,1,,,
2026-08-28T23:00:00+00:00,2026-08-29T07:00:00,2026-08-29,7,yandex,0,На дорогах свободно,2727.3,
2026-08-29T00:00:00+00:00,2026-08-29T08:00:00,2026-08-29,8,2gis,1,,,
2026-08-29T00:00:00+00:00,2026-08-29T08:00:00,2026-08-29,8,yandex,0,На дорогах свободно,10304.7,
2026-08-29T01:00:00+00:00,2026-08-29T09:00:00,2026-08-29,9,2gis,1,,,
2026-08-29T01:00:00+00:00,2026-08-29T09:00:00,2026-08-29,9,yandex,1,На дорогах свободно,11291.2,
2026-08-29T02:00:00+00:00,2026-08-29T10:00:00,2026-08-29,10,2gis,1,,,
2026-08-29T02:00:00+00:00,2026-08-29T10:00:00,2026-08-29,10,yandex,1,На дорогах свободно,14156.3,
2026-08-29T03:00:00+00:00,2026-08-29T11:00:00,2026-08-29,11,2gis,1,,,
2026-08-29T03:00:00+00:00,2026-08-29T11:00:00,2026-08-29,11,yandex,2,Дороги почти свободны,20749.9,
2026-08-29T04:00:00+00:00,2026-08-29T12:00:00,2026-08-29,12,2gis,2,,,
2026-08-29T04:00:00+00:00,2026-08-29T12:00:00,2026-08-29,12,yandex,3,Местами затруднения,24103.9,
2026-08-29T05:00:00+00:00,2026-08-29T13:00:00,2026-08-29,13,2gis,2,,,
2026-08-29T05:00:00+00:00,2026-08-29T13:00:00,2026-08-29,13,yandex,3,Местами затруднения,22105.4,
2026-08-29T06:00:01+00:00,2026-08-29T14:00:01,2026-08-29,14,2gis,2,,,
2026-08-29T06:00:01+00:00,2026-08-29T14:00:01,2026-08-29,14,yandex,4,Местами затруднения,23325.3,
2026-08-29T07:00:00+00:00,2026-08-29T15:00:00,2026-08-29,15,2gis,1,,,
2026-08-29T07:00:00+00:00,2026-08-29T15:00:00,2026-08-29,15,yandex,3,Местами затруднения,24773.9,
2026-08-29T08:00:00+00:00,2026-08-29T16:00:00,2026-08-29,16,2gis,1,,,
2026-08-29T08:00:00+00:00,2026-08-29T16:00:00,2026-08-29,16,yandex,3,Местами затруднения,21212.1,
2026-08-29T09:00:00+00:00,2026-08-29T17:00:00,2026-08-29,17,2gis,1,,,
2026-08-29T09:00:00+00:00,2026-08-29T17:00:00,2026-08-29,17,yandex,2,Дороги почти свободны,18223.4,
2026-08-29T10:00:00+00:00,2026-08-29T18:00:00,2026-08-29,18,2gis,1,,,
2026-08-29T10:00:00+00:00,2026-08-29T18:00:00,2026-08-29,18,yandex,2,Дороги почти свободны,14697.1,
2026-08-29T11:00:00+00:00,2026-08-29T19:00:00,2026-08-29,19,2gis,1,,,
2026-08-29T11:00:00+00:00,2026-08-29T19:00:00,2026-08-29,19,yandex,2,Дороги почти свободны,16667.1,
2026-08-29T12:00:00+00:00,2026-08-29T20:00:00,2026-08-29,20,2gis,1,,,
2026-08-29T12:00:00+00:00,2026-08-29T20:00:00,2026-08-29,20,yandex,2,Дороги почти свободны,16004.2,
2026-08-29T13:00:00+00:00,2026-08-29T21:00:00,2026-08-29,21,2gis,1,,,
2026-08-29T13:00:00+00:00,2026-08-29T21:00:00,2026-08-29,21,yandex,2,Дороги почти свободны,15379.2,
2026-08-29T14:00:00+00:00,2026-08-29T22:00:00,2026-08-29,22,2gis,1,,,
2026-08-29T14:00:00+00:00,2026-08-29T22:00:00,2026-08-29,22,yandex,1,На дорогах свободно,14137.3,
2026-08-29T15:00:00+00:00,2026-08-29T23:00:00,2026-08-29,23,2gis,1,,,
2026-08-29T15:00:00+00:00,2026-08-29T23:00:00,2026-08-29,23,yandex,0,На дорогах свободно,8074.1,
2026-08-29T23:00:00+00:00,2026-08-30T07:00:00,2026-08-30,7,2gis,1,,,
2026-08-29T23:00:00+00:00,2026-08-30T07:00:00,2026-08-30,7,yandex,0,На дорогах свободно,4008.9,
2026-08-30T00:00:00+00:00,2026-08-30T08:00:00,2026-08-30,8,2gis,1,,,
2026-08-30T00:00:00+00:00,2026-08-30T08:00:00,2026-08-30,8,yandex,0,На дорогах свободно,3269.9,
2026-08-30T01:00:00+00:00,2026-08-30T09:00:00,2026-08-30,9,2gis,1,,,
2026-08-30T01:00:00+00:00,2026-08-30T09:00:00,2026-08-30,9,yandex,0,На дорогах свободно,7243.7,
2026-08-30T02:00:00+00:00,2026-08-30T10:00:00,2026-08-30,10,2gis,1,,,
2026-08-30T02:00:00+00:00,2026-08-30T10:00:00,2026-08-30,10,yandex,1,На дорогах свободно,10417.3,
2026-08-30T03:00:00+00:00,2026-08-30T11:00:00,2026-08-30,11,2gis,1,,,
2026-08-30T03:00:00+00:00,2026-08-30T11:00:00,2026-08-30,11,yandex,1,На дорогах свободно,12825.7,
2026-08-30T04:00:00+00:00,2026-08-30T12:00:00,2026-08-30,12,2gis,1,,,
2026-08-30T04:00:00+00:00,2026-08-30T12:00:00,2026-08-30,12,yandex,1,На дорогах свободно,15812.4,
2026-08-30T05:00:00+00:00,2026-08-30T13:00:00,2026-08-30,13,2gis,1,,,
2026-08-30T05:00:00+00:00,2026-08-30T13:00:00,2026-08-30,13,yandex,2,Дороги почти свободны,18784.3,
2026-08-30T06:00:00+00:00,2026-08-30T14:00:00,2026-08-30,14,2gis,1,,,
2026-08-30T06:00:00+00:00,2026-08-30T14:00:00,2026-08-30,14,yandex,2,Дороги почти свободны,16736.1,
2026-08-30T07:00:01+00:00,2026-08-30T15:00:01,2026-08-30,15,2gis,1,,,
2026-08-30T07:00:01+00:00,2026-08-30T15:00:01,2026-08-30,15,yandex,2,Дороги почти свободны,18395.4,
2026-08-30T08:00:00+00:00,2026-08-30T16:00:00,2026-08-30,16,2gis,1,,,
2026-08-30T08:00:00+00:00,2026-08-30T16:00:00,2026-08-30,16,yandex,2,Дороги почти свободны,19449.1,
2026-08-30T09:00:00+00:00,2026-08-30T17:00:00,2026-08-30,17,2gis,1,,,
2026-08-30T09:00:00+00:00,2026-08-30T17:00:00,2026-08-30,17,yandex,2,Дороги почти свободны,17489.1,
2026-08-30T10:00:00+00:00,2026-08-30T18:00:00,2026-08-30,18,2gis,1,,,
2026-08-30T10:00:00+00:00,2026-08-30T18:00:00,2026-08-30,18,yandex,2,Дороги почти свободны,16903.9,
2026-08-30T11:00:00+00:00,2026-08-30T19:00:00,2026-08-30,19,2gis,1,,,
2026-08-30T11:00:00+00:00,2026-08-30T19:00:00,2026-08-30,19,yandex,2,Дороги почти свободны,18305.1,
2026-08-30T12:00:00+00:00,2026-08-30T20:00:00,2026-08-30,20,2gis,2,,,
2026-08-30T12:00:00+00:00,2026-08-30T20:00:00,2026-08-30,20,yandex,2,Дороги почти свободны,20869.0,
2026-08-30T13:00:00+00:00,2026-08-30T21:00:00,2026-08-30,21,2gis,2,,,
2026-08-30T13:00:00+00:00,2026-08-30T21:00:00,2026-08-30,21,yandex,3,Местами затруднения,18925.6,
2026-08-30T14:00:00+00:00,2026-08-30T22:00:00,2026-08-30,22,2gis,1,,,
2026-08-30T14:00:00+00:00,2026-08-30T22:00:00,2026-08-30,22,yandex,3,Местами затруднения,19663.7,
2026-08-30T15:00:00+00:00,2026-08-30T23:00:00,2026-08-30,23,2gis,1,,,
2026-08-30T15:00:00+00:00,2026-08-30T23:00:00,2026-08-30,23,yandex,1,На дорогах свободно,12335.0,
2026-08-30T23:00:01+00:00,2026-08-31T07:00:01,2026-08-31,7,2gis,1,,,
2026-08-30T23:00:01+00:00,2026-08-31T07:00:01,2026-08-31,7,yandex,0,На дорогах свободно,5710.3,
2026-08-31T00:00:00+00:00,2026-08-31T08:00:00,2026-08-31,8,2gis,1,,,
2026-08-31T00:00:00+00:00,2026-08-31T08:00:00,2026-08-31,8,yandex,3,Местами затруднения,20450.4,
2026-08-31T01:00:01+00:00,2026-08-31T09:00:01,2026-08-31,9,2gis,3,,,
2026-08-31T01:00:01+00:00,2026-08-31T09:00:01,2026-08-31,9,yandex,4,Местами затруднения,28247.8,
2026-08-31T02:00:00+00:00,2026-08-31T10:00:00,2026-08-31,10,2gis,2,,,
2026-08-31T02:00:00+00:00,2026-08-31T10:00:00,2026-08-31,10,yandex,3,Местами затруднения,26776.3,
2026-08-31T03:00:00+00:00,2026-08-31T11:00:00,2026-08-31,11,2gis,2,,,
2026-08-31T03:00:00+00:00,2026-08-31T11:00:00,2026-08-31,11,yandex,3,Местами затруднения,24982.4,
2026-08-31T04:00:00+00:00,2026-08-31T12:00:00,2026-08-31,12,2gis,2,,,
2026-08-31T04:00:00+00:00,2026-08-31T12:00:00,2026-08-31,12,yandex,3,Местами затруднения,28029.1,
2026-08-31T05:00:00+00:00,2026-08-31T13:00:00,2026-08-31,13,2gis,3,,,
2026-08-31T05:00:00+00:00,2026-08-31T13:00:00,2026-08-31,13,yandex,4,Местами затруднения,30351.0,
2026-08-31T06:00:00+00:00,2026-08-31T14:00:00,2026-08-31,14,2gis,3,,,
2026-08-31T06:00:00+00:00,2026-08-31T14:00:00,2026-08-31,14,yandex,4,Местами затруднения,24329.0,
2026-08-31T07:00:00+00:00,2026-08-31T15:00:00,2026-08-31,15,2gis,2,,,
2026-08-31T07:00:00+00:00,2026-08-31T15:00:00,2026-08-31,15,yandex,4,Местами затруднения,28648.2,
2026-08-31T08:00:01+00:00,2026-08-31T16:00:01,2026-08-31,16,2gis,2,,,
2026-08-31T08:00:01+00:00,2026-08-31T16:00:01,2026-08-31,16,yandex,4,Местами затруднения,31005.0,
2026-08-31T09:00:00+00:00,2026-08-31T17:00:00,2026-08-31,17,2gis,3,,,
2026-08-31T09:00:00+00:00,2026-08-31T17:00:00,2026-08-31,17,yandex,4,Местами затруднения,31878.5,
2026-08-31T10:00:00+00:00,2026-08-31T18:00:00,2026-08-31,18,2gis,6,,,
2026-08-31T10:00:00+00:00,2026-08-31T18:00:00,2026-08-31,18,yandex,7,Серьёзные пробки,42079.7,
2026-08-31T11:00:00+00:00,2026-08-31T19:00:00,2026-08-31,19,2gis,4,,,
2026-08-31T11:00:00+00:00,2026-08-31T19:00:00,2026-08-31,19,yandex,7,Серьёзные пробки,41852.7,
2026-08-31T12:00:00+00:00,2026-08-31T20:00:00,2026-08-31,20,2gis,1,,,
2026-08-31T12:00:00+00:00,2026-08-31T20:00:00,2026-08-31,20,yandex,4,Местами затруднения,25438.4,
2026-08-31T13:00:00+00:00,2026-08-31T21:00:00,2026-08-31,21,2gis,1,,,
2026-08-31T13:00:00+00:00,2026-08-31T21:00:00,2026-08-31,21,yandex,2,Дороги почти свободны,16249.5,
2026-08-31T14:00:00+00:00,2026-08-31T22:00:00,2026-08-31,22,2gis,1,,,
2026-08-31T14:00:00+00:00,2026-08-31T22:00:00,2026-08-31,22,yandex,1,На дорогах свободно,12690.8,
2026-08-31T15:00:00+00:00,2026-08-31T23:00:00,2026-08-31,23,2gis,1,,,
2026-08-31T15:00:00+00:00,2026-08-31T23:00:00,2026-08-31,23,yandex,1,На дорогах свободно,8263.3,
2026-08-31T23:00:00+00:00,2026-09-01T07:00:00,2026-09-01,7,2gis,1,,,
2026-08-31T23:00:00+00:00,2026-09-01T07:00:00,2026-09-01,7,yandex,0,На дорогах свободно,6518.5,
2026-09-01T00:00:00+00:00,2026-09-01T08:00:00,2026-09-01,8,2gis,1,,,
2026-09-01T00:00:00+00:00,2026-09-01T08:00:00,2026-09-01,8,yandex,2,Дороги почти свободны,16818.5,
2026-09-01T01:00:00+00:00,2026-09-01T09:00:00,2026-09-01,9,2gis,1,,,
2026-09-01T01:00:00+00:00,2026-09-01T09:00:00,2026-09-01,9,yandex,2,Дороги почти свободны,18024.9,
2026-09-01T02:00:00+00:00,2026-09-01T10:00:00,2026-09-01,10,2gis,2,,,
2026-09-01T02:00:00+00:00,2026-09-01T10:00:00,2026-09-01,10,yandex,3,Местами затруднения,21591.5,
2026-09-01T03:00:00+00:00,2026-09-01T11:00:00,2026-09-01,11,2gis,1,,,
2026-09-01T03:00:00+00:00,2026-09-01T11:00:00,2026-09-01,11,yandex,3,Местами затруднения,20170.6,
2026-09-01T04:00:00+00:00,2026-09-01T12:00:00,2026-09-01,12,2gis,2,,,
2026-09-01T04:00:00+00:00,2026-09-01T12:00:00,2026-09-01,12,yandex,3,Местами затруднения,20850.5,
2026-09-01T05:00:00+00:00,2026-09-01T13:00:00,2026-09-01,13,2gis,2,,,
2026-09-01T05:00:00+00:00,2026-09-01T13:00:00,2026-09-01,13,yandex,3,Местами затруднения,24998.3,
2026-09-01T06:00:00+00:00,2026-09-01T14:00:00,2026-09-01,14,2gis,2,,,
2026-09-01T06:00:00+00:00,2026-09-01T14:00:00,2026-09-01,14,yandex,3,Местами затруднения,23644.2,
2026-09-01T07:00:00+00:00,2026-09-01T15:00:00,2026-09-01,15,2gis,2,,,
2026-09-01T07:00:00+00:00,2026-09-01T15:00:00,2026-09-01,15,yandex,3,Местами затруднения,21080.2,
2026-09-01T08:00:00+00:00,2026-09-01T16:00:00,2026-09-01,16,2gis,1,,,
2026-09-01T08:00:00+00:00,2026-09-01T16:00:00,2026-09-01,16,yandex,3,Местами затруднения,23896.9,
2026-09-01T09:00:00+00:00,2026-09-01T17:00:00,2026-09-01,17,2gis,2,,,
2026-09-01T09:00:00+00:00,2026-09-01T17:00:00,2026-09-01,17,yandex,3,Местами затруднения,25107.9,
2026-09-01T10:00:01+00:00,2026-09-01T18:00:01,2026-09-01,18,2gis,3,,,
2026-09-01T10:00:01+00:00,2026-09-01T18:00:01,2026-09-01,18,yandex,5,Движение плотное,33477.2,
2026-09-01T11:00:00+00:00,2026-09-01T19:00:00,2026-09-01,19,2gis,1,,,
2026-09-01T11:00:00+00:00,2026-09-01T19:00:00,2026-09-01,19,yandex,4,Местами затруднения,22340.4,
2026-09-01T12:00:00+00:00,2026-09-01T20:00:00,2026-09-01,20,2gis,1,,,
2026-09-01T12:00:00+00:00,2026-09-01T20:00:00,2026-09-01,20,yandex,2,Дороги почти свободны,16962.2,
2026-09-01T13:00:00+00:00,2026-09-01T21:00:00,2026-09-01,21,2gis,1,,,
2026-09-01T13:00:00+00:00,2026-09-01T21:00:00,2026-09-01,21,yandex,2,Дороги почти свободны,17982.8,
2026-09-01T14:00:00+00:00,2026-09-01T22:00:00,2026-09-01,22,2gis,1,,,
2026-09-01T14:00:00+00:00,2026-09-01T22:00:00,2026-09-01,22,yandex,1,На дорогах свободно,11475.0,
2026-09-01T15:00:00+00:00,2026-09-01T23:00:00,2026-09-01,23,2gis,1,,,
2026-09-01T15:00:00+00:00,2026-09-01T23:00:00,2026-09-01,23,yandex,0,На дорогах свободно,8605.7,
2026-09-01T23:00:01+00:00,2026-09-02T07:00:01,2026-09-02,7,2gis,1,,,
2026-09-01T23:00:01+00:00,2026-09-02T07:00:01,2026-09-02,7,yandex,0,На дорогах свободно,8126.1,
2026-09-02T00:00:00+00:00,2026-09-02T08:00:00,2026-09-02,8,2gis,5,,,
2026-09-02T00:00:00+00:00,2026-09-02T08:00:00,2026-09-02,8,yandex,5,Движение плотное,28693.9,
2026-09-02T01:00:00+00:00,2026-09-02T09:00:00,2026-09-02,9,2gis,3,,,
2026-09-02T01:00:00+00:00,2026-09-02T09:00:00,2026-09-02,9,yandex,5,Движение плотное,33962.5,
2026-09-02T02:00:00+00:00,2026-09-02T10:00:00,2026-09-02,10,2gis,1,,,
2026-09-02T02:00:00+00:00,2026-09-02T10:00:00,2026-09-02,10,yandex,3,Местами затруднения,23965.5,
2026-09-02T03:00:00+00:00,2026-09-02T11:00:00,2026-09-02,11,2gis,1,,,
2026-09-02T03:00:00+00:00,2026-09-02T11:00:00,2026-09-02,11,yandex,3,Местами затруднения,22767.0,
2026-09-02T04:00:00+00:00,2026-09-02T12:00:00,2026-09-02,12,2gis,1,,,
2026-09-02T04:00:00+00:00,2026-09-02T12:00:00,2026-09-02,12,yandex,3,Местами затруднения,22150.6,
2026-09-02T05:00:00+00:00,2026-09-02T13:00:00,2026-09-02,13,2gis,1,,,
2026-09-02T05:00:00+00:00,2026-09-02T13:00:00,2026-09-02,13,yandex,3,Местами затруднения,27784.2,
2026-09-02T06:00:00+00:00,2026-09-02T14:00:00,2026-09-02,14,2gis,2,,,
2026-09-02T06:00:00+00:00,2026-09-02T14:00:00,2026-09-02,14,yandex,3,Местами затруднения,23364.1,
2026-09-02T07:00:00+00:00,2026-09-02T15:00:00,2026-09-02,15,2gis,1,,,
2026-09-02T07:00:00+00:00,2026-09-02T15:00:00,2026-09-02,15,yandex,3,Местами затруднения,25179.3,
2026-09-02T08:00:00+00:00,2026-09-02T16:00:00,2026-09-02,16,2gis,1,,,
2026-09-02T08:00:00+00:00,2026-09-02T16:00:00,2026-09-02,16,yandex,3,Местами затруднения,22699.6,
2026-09-02T09:00:01+00:00,2026-09-02T17:00:01,2026-09-02,17,2gis,1,,,
2026-09-02T09:00:01+00:00,2026-09-02T17:00:01,2026-09-02,17,yandex,3,Местами затруднения,26025.9,
2026-09-02T10:00:00+00:00,2026-09-02T18:00:00,2026-09-02,18,2gis,6,,,
2026-09-02T10:00:00+00:00,2026-09-02T18:00:00,2026-09-02,18,yandex,7,Серьёзные пробки,46089.7,
2026-09-02T11:00:00+00:00,2026-09-02T19:00:00,2026-09-02,19,2gis,3,,,
2026-09-02T11:00:00+00:00,2026-09-02T19:00:00,2026-09-02,19,yandex,6,Движение затруднено,35529.6,
2026-09-02T12:00:00+00:00,2026-09-02T20:00:00,2026-09-02,20,2gis,1,,,
2026-09-02T12:00:00+00:00,2026-09-02T20:00:00,2026-09-02,20,yandex,3,Местами затруднения,20173.3,
2026-09-02T13:00:00+00:00,2026-09-02T21:00:00,2026-09-02,21,2gis,1,,,
2026-09-02T13:00:00+00:00,2026-09-02T21:00:00,2026-09-02,21,yandex,2,Дороги почти свободны,16532.9,
2026-09-02T14:00:00+00:00,2026-09-02T22:00:00,2026-09-02,22,2gis,1,,,
2026-09-02T14:00:00+00:00,2026-09-02T22:00:00,2026-09-02,22,yandex,1,На дорогах свободно,12115.3,
2026-09-02T15:00:00+00:00,2026-09-02T23:00:00,2026-09-02,23,2gis,1,,,
2026-09-02T15:00:00+00:00,2026-09-02T23:00:00,2026-09-02,23,yandex,0,На дорогах свободно,7938.3,
2026-09-02T23:00:00+00:00,2026-09-03T07:00:00,2026-09-03,7,2gis,1,,,
2026-09-02T23:00:00+00:00,2026-09-03T07:00:00,2026-09-03,7,yandex,0,На дорогах свободно,8575.6,
2026-09-03T00:00:00+00:00,2026-09-03T08:00:00,2026-09-03,8,2gis,9,,,
2026-09-03T00:00:00+00:00,2026-09-03T08:00:00,2026-09-03,8,yandex,7,Серьёзные пробки,38395.8,
2026-09-03T01:00:00+00:00,2026-09-03T09:00:00,2026-09-03,9,2gis,8,,,
2026-09-03T01:00:00+00:00,2026-09-03T09:00:00,2026-09-03,9,yandex,8,Многокилометровые пробки,47416.6,
2026-09-03T02:00:00+00:00,2026-09-03T10:00:00,2026-09-03,10,2gis,4,,,
2026-09-03T02:00:00+00:00,2026-09-03T10:00:00,2026-09-03,10,yandex,5,Движение плотное,37879.9,
2026-09-03T03:00:00+00:00,2026-09-03T11:00:00,2026-09-03,11,2gis,2,,,
2026-09-03T03:00:00+00:00,2026-09-03T11:00:00,2026-09-03,11,yandex,3,Местами затруднения,24605.0,
2026-09-03T04:00:55+00:00,2026-09-03T12:00:55,2026-09-03,12,2gis,2,,,
2026-09-03T04:00:55+00:00,2026-09-03T12:00:55,2026-09-03,12,yandex,3,Местами затруднения,29200.0,
2026-09-03T05:00:55+00:00,2026-09-03T13:00:55,2026-09-03,13,2gis,4,,,
2026-09-03T05:00:55+00:00,2026-09-03T13:00:55,2026-09-03,13,yandex,4,Местами затруднения,32814.1,
2026-09-03T06:00:00+00:00,2026-09-03T14:00:00,2026-09-03,14,2gis,3,,,
2026-09-03T06:00:00+00:00,2026-09-03T14:00:00,2026-09-03,14,yandex,5,Движение плотное,33596.7,
2026-09-03T07:00:00+00:00,2026-09-03T15:00:00,2026-09-03,15,2gis,3,,,
2026-09-03T07:00:00+00:00,2026-09-03T15:00:00,2026-09-03,15,yandex,4,Местами затруднения,31345.5,
2026-09-03T08:00:00+00:00,2026-09-03T16:00:00,2026-09-03,16,2gis,2,,,
2026-09-03T08:00:00+00:00,2026-09-03T16:00:00,2026-09-03,16,yandex,4,Местами затруднения,29977.9,
2026-09-03T09:00:00+00:00,2026-09-03T17:00:00,2026-09-03,17,2gis,4,,,
2026-09-03T09:00:00+00:00,2026-09-03T17:00:00,2026-09-03,17,yandex,5,Движение плотное,36723.3,
2026-09-03T10:00:00+00:00,2026-09-03T18:00:00,2026-09-03,18,2gis,8,,,
2026-09-03T10:00:00+00:00,2026-09-03T18:00:00,2026-09-03,18,yandex,8,Многокилометровые пробки,47922.1,
2026-09-03T11:00:00+00:00,2026-09-03T19:00:00,2026-09-03,19,2gis,6,,,
2026-09-03T11:00:00+00:00,2026-09-03T19:00:00,2026-09-03,19,yandex,8,Многокилометровые пробки,41089.9,
2026-09-03T12:00:00+00:00,2026-09-03T20:00:00,2026-09-03,20,2gis,1,,,
2026-09-03T12:00:00+00:00,2026-09-03T20:00:00,2026-09-03,20,yandex,4,Местами затруднения,24976.5,
2026-09-03T13:00:00+00:00,2026-09-03T21:00:00,2026-09-03,21,2gis,1,,,
2026-09-03T13:00:00+00:00,2026-09-03T21:00:00,2026-09-03,21,yandex,2,Дороги почти свободны,16368.6,
2026-09-03T14:00:00+00:00,2026-09-03T22:00:00,2026-09-03,22,2gis,1,,,
2026-09-03T14:00:00+00:00,2026-09-03T22:00:00,2026-09-03,22,yandex,1,На дорогах свободно,11106.2,
2026-09-03T15:00:00+00:00,2026-09-03T23:00:00,2026-09-03,23,2gis,1,,,
2026-09-03T15:00:00+00:00,2026-09-03T23:00:00,2026-09-03,23,yandex,0,На дорогах свободно,5403.7,
2026-09-03T23:00:02+00:00,2026-09-04T07:00:02,2026-09-04,7,2gis,1,,,
2026-09-03T23:00:02+00:00,2026-09-04T07:00:02,2026-09-04,7,yandex,0,На дорогах свободно,8937.9,
2026-09-04T00:00:00+00:00,2026-09-04T08:00:00,2026-09-04,8,2gis,5,,,
2026-09-04T00:00:00+00:00,2026-09-04T08:00:00,2026-09-04,8,yandex,5,Движение плотное,30819.5,
2026-09-04T01:00:00+00:00,2026-09-04T09:00:00,2026-09-04,9,2gis,2,,,
2026-09-04T01:00:00+00:00,2026-09-04T09:00:00,2026-09-04,9,yandex,5,Движение плотное,32865.1,
2026-09-04T02:00:00+00:00,2026-09-04T10:00:00,2026-09-04,10,2gis,1,,,
2026-09-04T02:00:00+00:00,2026-09-04T10:00:00,2026-09-04,10,yandex,3,Местами затруднения,24759.4,
2026-09-04T03:00:01+00:00,2026-09-04T11:00:01,2026-09-04,11,2gis,1,,,
2026-09-04T03:00:01+00:00,2026-09-04T11:00:01,2026-09-04,11,yandex,3,Местами затруднения,23131.2,
2026-09-04T04:00:00+00:00,2026-09-04T12:00:00,2026-09-04,12,2gis,2,,,
2026-09-04T04:00:00+00:00,2026-09-04T12:00:00,2026-09-04,12,yandex,4,Местами затруднения,28806.0,
2026-09-04T05:00:00+00:00,2026-09-04T13:00:00,2026-09-04,13,2gis,3,,,
2026-09-04T05:00:00+00:00,2026-09-04T13:00:00,2026-09-04,13,yandex,4,Местами затруднения,33519.9,
2026-09-04T06:00:00+00:00,2026-09-04T14:00:00,2026-09-04,14,2gis,3,,,
2026-09-04T06:00:00+00:00,2026-09-04T14:00:00,2026-09-04,14,yandex,4,Местами затруднения,30931.9,
2026-09-04T07:00:00+00:00,2026-09-04T15:00:00,2026-09-04,15,2gis,3,,,
2026-09-04T07:00:00+00:00,2026-09-04T15:00:00,2026-09-04,15,yandex,4,Местами затруднения,33242.2,
2026-09-04T08:00:00+00:00,2026-09-04T16:00:00,2026-09-04,16,2gis,3,,,
2026-09-04T08:00:00+00:00,2026-09-04T16:00:00,2026-09-04,16,yandex,4,Местами затруднения,31070.4,
2026-09-04T09:00:00+00:00,2026-09-04T17:00:00,2026-09-04,17,2gis,5,,,
2026-09-04T09:00:00+00:00,2026-09-04T17:00:00,2026-09-04,17,yandex,6,Движение затруднено,43474.1,
2026-09-04T10:00:00+00:00,2026-09-04T18:00:00,2026-09-04,18,2gis,7,,,
2026-09-04T10:00:00+00:00,2026-09-04T18:00:00,2026-09-04,18,yandex,8,Многокилометровые пробки,49165.0,
2026-09-04T11:00:00+00:00,2026-09-04T19:00:00,2026-09-04,19,2gis,4,,,
2026-09-04T11:00:00+00:00,2026-09-04T19:00:00,2026-09-04,19,yandex,7,Серьёзные пробки,40104.9,
2026-09-04T12:00:00+00:00,2026-09-04T20:00:00,2026-09-04,20,2gis,2,,,
2026-09-04T12:00:00+00:00,2026-09-04T20:00:00,2026-09-04,20,yandex,4,Местами затруднения,19816.5,
2026-09-04T13:00:00+00:00,2026-09-04T21:00:00,2026-09-04,21,2gis,1,,,
2026-09-04T13:00:00+00:00,2026-09-04T21:00:00,2026-09-04,21,yandex,3,Местами затруднения,20375.8,
2026-09-04T14:00:00+00:00,2026-09-04T22:00:00,2026-09-04,22,2gis,1,,,
2026-09-04T14:00:00+00:00,2026-09-04T22:00:00,2026-09-04,22,yandex,1,На дорогах свободно,14827.4,
2026-09-04T15:00:00+00:00,2026-09-04T23:00:00,2026-09-04,23,2gis,1,,,
2026-09-04T15:00:00+00:00,2026-09-04T23:00:00,2026-09-04,23,yandex,1,На дорогах свободно,7444.4,
2026-09-04T23:00:00+00:00,2026-09-05T07:00:00,2026-09-05,7,2gis,1,,,
2026-09-04T23:00:00+00:00,2026-09-05T07:00:00,2026-09-05,7,yandex,0,На дорогах свободно,2466.2,
2026-09-05T00:00:00+00:00,2026-09-05T08:00:00,2026-09-05,8,2gis,1,,,
2026-09-05T00:00:00+00:00,2026-09-05T08:00:00,2026-09-05,8,yandex,0,На дорогах свободно,6421.8,
2026-09-05T01:00:00+00:00,2026-09-05T09:00:00,2026-09-05,9,2gis,1,,,
2026-09-05T01:00:00+00:00,2026-09-05T09:00:00,2026-09-05,9,yandex,1,На дорогах свободно,9744.3,
2026-09-05T02:00:01+00:00,2026-09-05T10:00:01,2026-09-05,10,2gis,1,,,
2026-09-05T02:00:01+00:00,2026-09-05T10:00:01,2026-09-05,10,yandex,2,Дороги почти свободны,14705.7,
2026-09-05T03:00:00+00:00,2026-09-05T11:00:00,2026-09-05,11,2gis,1,,,
2026-09-05T03:00:00+00:00,2026-09-05T11:00:00,2026-09-05,11,yandex,2,Дороги почти свободны,21754.3,
2026-09-05T04:00:00+00:00,2026-09-05T12:00:00,2026-09-05,12,2gis,1,,,
2026-09-05T04:00:00+00:00,2026-09-05T12:00:00,2026-09-05,12,yandex,3,Местами затруднения,22904.3,
2026-09-05T05:00:01+00:00,2026-09-05T13:00:01,2026-09-05,13,2gis,1,,,
2026-09-05T05:00:01+00:00,2026-09-05T13:00:01,2026-09-05,13,yandex,3,Местами затруднения,23250.0,
2026-09-05T06:00:00+00:00,2026-09-05T14:00:00,2026-09-05,14,2gis,1,,,
2026-09-05T06:00:00+00:00,2026-09-05T14:00:00,2026-09-05,14,yandex,3,Местами затруднения,25383.2,
2026-09-05T07:00:00+00:00,2026-09-05T15:00:00,2026-09-05,15,2gis,1,,,
2026-09-05T07:00:00+00:00,2026-09-05T15:00:00,2026-09-05,15,yandex,3,Местами затруднения,21247.9,
2026-09-05T08:00:00+00:00,2026-09-05T16:00:00,2026-09-05,16,2gis,1,,,
2026-09-05T08:00:00+00:00,2026-09-05T16:00:00,2026-09-05,16,yandex,2,Дороги почти свободны,18038.8,
2026-09-05T09:00:00+00:00,2026-09-05T17:00:00,2026-09-05,17,2gis,1,,,
2026-09-05T09:00:00+00:00,2026-09-05T17:00:00,2026-09-05,17,yandex,2,Дороги почти свободны,19698.7,
2026-09-05T10:00:00+00:00,2026-09-05T18:00:00,2026-09-05,18,2gis,1,,,
2026-09-05T10:00:00+00:00,2026-09-05T18:00:00,2026-09-05,18,yandex,2,Дороги почти свободны,17493.3,
2026-09-05T11:00:00+00:00,2026-09-05T19:00:00,2026-09-05,19,2gis,1,,,
2026-09-05T11:00:00+00:00,2026-09-05T19:00:00,2026-09-05,19,yandex,2,Дороги почти свободны,17705.1,
2026-09-05T12:00:00+00:00,2026-09-05T20:00:00,2026-09-05,20,2gis,1,,,
2026-09-05T12:00:00+00:00,2026-09-05T20:00:00,2026-09-05,20,yandex,1,На дорогах свободно,17301.5,
2026-09-05T13:00:00+00:00,2026-09-05T21:00:00,2026-09-05,21,2gis,1,,,
2026-09-05T13:00:00+00:00,2026-09-05T21:00:00,2026-09-05,21,yandex,1,На дорогах свободно,16983.2,
2026-09-05T14:00:00+00:00,2026-09-05T22:00:00,2026-09-05,22,2gis,1,,,
2026-09-05T14:00:00+00:00,2026-09-05T22:00:00,2026-09-05,22,yandex,1,На дорогах свободно,12260.5,
2026-09-05T15:00:00+00:00,2026-09-05T23:00:00,2026-09-05,23,2gis,1,,,
2026-09-05T15:00:00+00:00,2026-09-05T23:00:00,2026-09-05,23,yandex,1,На дорогах свободно,9304.4,
2026-09-05T23:00:02+00:00,2026-09-06T07:00:02,2026-09-06,7,2gis,1,,,
2026-09-05T23:00:02+00:00,2026-09-06T07:00:02,2026-09-06,7,yandex,0,На дорогах свободно,2507.4,
2026-09-06T00:00:00+00:00,2026-09-06T08:00:00,2026-09-06,8,2gis,1,,,
2026-09-06T00:00:00+00:00,2026-09-06T08:00:00,2026-09-06,8,yandex,0,На дорогах свободно,4571.8,
2026-09-06T01:00:00+00:00,2026-09-06T09:00:00,2026-09-06,9,2gis,1,,,
2026-09-06T01:00:00+00:00,2026-09-06T09:00:00,2026-09-06,9,yandex,0,На дорогах свободно,9214.8,
2026-09-06T02:00:00+00:00,2026-09-06T10:00:00,2026-09-06,10,2gis,1,,,
2026-09-06T02:00:00+00:00,2026-09-06T10:00:00,2026-09-06,10,yandex,1,На дорогах свободно,8543.7,
2026-09-06T03:00:00+00:00,2026-09-06T11:00:00,2026-09-06,11,2gis,1,,,
2026-09-06T03:00:00+00:00,2026-09-06T11:00:00,2026-09-06,11,yandex,1,На дорогах свободно,13694.8,
2026-09-06T04:00:00+00:00,2026-09-06T12:00:00,2026-09-06,12,2gis,1,,,
2026-09-06T04:00:00+00:00,2026-09-06T12:00:00,2026-09-06,12,yandex,1,На дорогах свободно,14231.3,
2026-09-06T05:00:00+00:00,2026-09-06T13:00:00,2026-09-06,13,2gis,1,,,
2026-09-06T05:00:00+00:00,2026-09-06T13:00:00,2026-09-06,13,yandex,1,На дорогах свободно,13508.6,
2026-09-06T06:00:00+00:00,2026-09-06T14:00:00,2026-09-06,14,2gis,1,,,
2026-09-06T06:00:00+00:00,2026-09-06T14:00:00,2026-09-06,14,yandex,1,На дорогах свободно,15548.3,
2026-09-06T07:00:00+00:00,2026-09-06T15:00:00,2026-09-06,15,2gis,1,,,
2026-09-06T07:00:00+00:00,2026-09-06T15:00:00,2026-09-06,15,yandex,2,Дороги почти свободны,16622.4,
2026-09-06T08:00:00+00:00,2026-09-06T16:00:00,2026-09-06,16,2gis,1,,,
2026-09-06T08:00:00+00:00,2026-09-06T16:00:00,2026-09-06,16,yandex,1,На дорогах свободно,16115.0,
2026-09-06T09:00:00+00:00,2026-09-06T17:00:00,2026-09-06,17,2gis,1,,,
2026-09-06T09:00:00+00:00,2026-09-06T17:00:00,2026-09-06,17,yandex,2,Дороги почти свободны,15204.1,
2026-09-06T10:00:00+00:00,2026-09-06T18:00:00,2026-09-06,18,2gis,1,,,
2026-09-06T10:00:00+00:00,2026-09-06T18:00:00,2026-09-06,18,yandex,2,Дороги почти свободны,15910.1,
2026-09-06T11:00:00+00:00,2026-09-06T19:00:00,2026-09-06,19,2gis,1,,,
2026-09-06T11:00:00+00:00,2026-09-06T19:00:00,2026-09-06,19,yandex,2,Дороги почти свободны,19337.4,
2026-09-06T12:00:00+00:00,2026-09-06T20:00:00,2026-09-06,20,2gis,1,,,
2026-09-06T12:00:00+00:00,2026-09-06T20:00:00,2026-09-06,20,yandex,2,Дороги почти свободны,16920.1,
2026-09-06T13:00:00+00:00,2026-09-06T21:00:00,2026-09-06,21,2gis,1,,,
2026-09-06T13:00:00+00:00,2026-09-06T21:00:00,2026-09-06,21,yandex,2,Дороги почти свободны,13939.3,
2026-09-06T14:00:00+00:00,2026-09-06T22:00:00,2026-09-06,22,2gis,1,,,
2026-09-06T14:00:00+00:00,2026-09-06T22:00:00,2026-09-06,22,yandex,1,На дорогах свободно,10886.5,
2026-09-06T15:00:00+00:00,2026-09-06T23:00:00,2026-09-06,23,2gis,1,,,
2026-09-06T15:00:00+00:00,2026-09-06T23:00:00,2026-09-06,23,yandex,0,На дорогах свободно,9439.0,
2026-09-06T23:00:00+00:00,2026-09-07T07:00:00,2026-09-07,7,2gis,1,,,
2026-09-06T23:00:00+00:00,2026-09-07T07:00:00,2026-09-07,7,yandex,0,На дорогах свободно,8361.9,
2026-09-07T00:00:00+00:00,2026-09-07T08:00:00,2026-09-07,8,2gis,6,,,
2026-09-07T00:00:00+00:00,2026-09-07T08:00:00,2026-09-07,8,yandex,6,Движение затруднено,32112.5,
2026-09-07T01:00:00+00:00,2026-09-07T09:00:00,2026-09-07,9,2gis,4,,,
2026-09-07T01:00:00+00:00,2026-09-07T09:00:00,2026-09-07,9,yandex,6,Движение затруднено,30442.4,
2026-09-07T02:00:00+00:00,2026-09-07T10:00:00,2026-09-07,10,2gis,2,,,
2026-09-07T02:00:00+00:00,2026-09-07T10:00:00,2026-09-07,10,yandex,3,Местами затруднения,25497.4,
2026-09-07T03:00:00+00:00,2026-09-07T11:00:00,2026-09-07,11,2gis,1,,,
2026-09-07T03:00:00+00:00,2026-09-07T11:00:00,2026-09-07,11,yandex,3,Местами затруднения,28076.5,
2026-09-07T04:00:00+00:00,2026-09-07T12:00:00,2026-09-07,12,2gis,2,,,
2026-09-07T04:00:00+00:00,2026-09-07T12:00:00,2026-09-07,12,yandex,3,Местами затруднения,26419.9,
2026-09-07T05:00:00+00:00,2026-09-07T13:00:00,2026-09-07,13,2gis,1,,,
2026-09-07T05:00:00+00:00,2026-09-07T13:00:00,2026-09-07,13,yandex,3,Местами затруднения,26945.6,
2026-09-07T06:00:00+00:00,2026-09-07T14:00:00,2026-09-07,14,2gis,2,,,
2026-09-07T06:00:00+00:00,2026-09-07T14:00:00,2026-09-07,14,yandex,4,Местами затруднения,28340.6,
2026-09-07T07:00:00+00:00,2026-09-07T15:00:00,2026-09-07,15,2gis,1,,,
2026-09-07T07:00:00+00:00,2026-09-07T15:00:00,2026-09-07,15,yandex,3,Местами затруднения,24088.4,
2026-09-07T08:00:00+00:00,2026-09-07T16:00:00,2026-09-07,16,2gis,2,,,
2026-09-07T08:00:00+00:00,2026-09-07T16:00:00,2026-09-07,16,yandex,4,Местами затруднения,27677.8,
2026-09-07T09:00:00+00:00,2026-09-07T17:00:00,2026-09-07,17,2gis,2,,,
2026-09-07T09:00:00+00:00,2026-09-07T17:00:00,2026-09-07,17,yandex,4,Местами затруднения,28738.7,
2026-09-07T10:00:00+00:00,2026-09-07T18:00:00,2026-09-07,18,2gis,5,,,
2026-09-07T10:00:00+00:00,2026-09-07T18:00:00,2026-09-07,18,yandex,8,Многокилометровые пробки,44568.1,
2026-09-07T11:00:00+00:00,2026-09-07T19:00:00,2026-09-07,19,2gis,4,,,
2026-09-07T11:00:00+00:00,2026-09-07T19:00:00,2026-09-07,19,yandex,7,Серьёзные пробки,39791.5,
2026-09-07T12:00:00+00:00,2026-09-07T20:00:00,2026-09-07,20,2gis,1,,,
2026-09-07T12:00:00+00:00,2026-09-07T20:00:00,2026-09-07,20,yandex,4,Местами затруднения,28412.3,
2026-09-07T13:00:00+00:00,2026-09-07T21:00:00,2026-09-07,21,2gis,1,,,
2026-09-07T13:00:00+00:00,2026-09-07T21:00:00,2026-09-07,21,yandex,2,Дороги почти свободны,19425.1,
2026-09-07T14:00:00+00:00,2026-09-07T22:00:00,2026-09-07,22,2gis,1,,,
2026-09-07T14:00:00+00:00,2026-09-07T22:00:00,2026-09-07,22,yandex,1,На дорогах свободно,9043.2,
2026-09-07T15:00:00+00:00,2026-09-07T23:00:00,2026-09-07,23,2gis,1,,,
2026-09-07T15:00:00+00:00,2026-09-07T23:00:00,2026-09-07,23,yandex,0,На дорогах свободно,6453.4,
2026-09-07T23:00:01+00:00,2026-09-08T07:00:01,2026-09-08,7,2gis,1,,,
2026-09-07T23:00:01+00:00,2026-09-08T07:00:01,2026-09-08,7,yandex,0,На дорогах свободно,6307.5,
2026-09-08T00:00:00+00:00,2026-09-08T08:00:00,2026-09-08,8,2gis,5,,,
2026-09-08T00:00:00+00:00,2026-09-08T08:00:00,2026-09-08,8,yandex,5,Движение плотное,28462.7,
2026-09-08T01:00:00+00:00,2026-09-08T09:00:00,2026-09-08,9,2gis,3,,,
2026-09-08T01:00:00+00:00,2026-09-08T09:00:00,2026-09-08,9,yandex,6,Движение затруднено,37779.1,
2026-09-08T02:00:00+00:00,2026-09-08T10:00:00,2026-09-08,10,2gis,2,,,
2026-09-08T02:00:00+00:00,2026-09-08T10:00:00,2026-09-08,10,yandex,4,Местами затруднения,30616.4,
2026-09-08T03:00:00+00:00,2026-09-08T11:00:00,2026-09-08,11,2gis,1,,,
2026-09-08T03:00:00+00:00,2026-09-08T11:00:00,2026-09-08,11,yandex,3,Местами затруднения,25620.4,
2026-09-08T04:00:00+00:00,2026-09-08T12:00:00,2026-09-08,12,2gis,1,,,
2026-09-08T04:00:00+00:00,2026-09-08T12:00:00,2026-09-08,12,yandex,3,Местами затруднения,23511.3,
2026-09-08T05:00:01+00:00,2026-09-08T13:00:01,2026-09-08,13,2gis,1,,,
2026-09-08T05:00:01+00:00,2026-09-08T13:00:01,2026-09-08,13,yandex,3,Местами затруднения,24546.1,
2026-09-08T06:00:00+00:00,2026-09-08T14:00:00,2026-09-08,14,2gis,2,,,
2026-09-08T06:00:00+00:00,2026-09-08T14:00:00,2026-09-08,14,yandex,3,Местами затруднения,23048.8,
2026-09-08T07:00:00+00:00,2026-09-08T15:00:00,2026-09-08,15,2gis,1,,,
2026-09-08T07:00:00+00:00,2026-09-08T15:00:00,2026-09-08,15,yandex,3,Местами затруднения,25914.0,
2026-09-08T08:00:00+00:00,2026-09-08T16:00:00,2026-09-08,16,2gis,1,,,
2026-09-08T08:00:00+00:00,2026-09-08T16:00:00,2026-09-08,16,yandex,3,Местами затруднения,27538.7,
2026-09-08T09:00:00+00:00,2026-09-08T17:00:00,2026-09-08,17,2gis,2,,,
2026-09-08T09:00:00+00:00,2026-09-08T17:00:00,2026-09-08,17,yandex,3,Местами затруднения,28796.4,
2026-09-08T10:00:00+00:00,2026-09-08T18:00:00,2026-09-08,18,2gis,5,,,
2026-09-08T10:00:00+00:00,2026-09-08T18:00:00,2026-09-08,18,yandex,6,Движение затруднено,44301.7,
2026-09-08T11:00:00+00:00,2026-09-08T19:00:00,2026-09-08,19,2gis,3,,,
2026-09-08T11:00:00+00:00,2026-09-08T19:00:00,2026-09-08,19,yandex,5,Движение плотное,32477.2,
2026-09-08T12:00:00+00:00,2026-09-08T20:00:00,2026-09-08,20,2gis,1,,,
2026-09-08T12:00:00+00:00,2026-09-08T20:00:00,2026-09-08,20,yandex,3,Местами затруднения,20056.6,
2026-09-08T13:00:00+00:00,2026-09-08T21:00:00,2026-09-08,21,2gis,1,,,
2026-09-08T13:00:00+00:00,2026-09-08T21:00:00,2026-09-08,21,yandex,2,Дороги почти свободны,17451.2,
2026-09-08T14:00:00+00:00,2026-09-08T22:00:00,2026-09-08,22,2gis,1,,,
2026-09-08T14:00:00+00:00,2026-09-08T22:00:00,2026-09-08,22,yandex,1,На дорогах свободно,11636.6,
2026-09-08T15:00:00+00:00,2026-09-08T23:00:00,2026-09-08,23,2gis,1,,,
2026-09-08T15:00:00+00:00,2026-09-08T23:00:00,2026-09-08,23,yandex,0,На дорогах свободно,9479.2,
2026-09-08T23:00:00+00:00,2026-09-09T07:00:00,2026-09-09,7,2gis,1,,,
2026-09-08T23:00:00+00:00,2026-09-09T07:00:00,2026-09-09,7,yandex,0,На дорогах свободно,6846.7,
2026-09-09T00:00:00+00:00,2026-09-09T08:00:00,2026-09-09,8,2gis,5,,,
2026-09-09T00:00:00+00:00,2026-09-09T08:00:00,2026-09-09,8,yandex,5,Движение плотное,30978.2,
2026-09-09T01:00:00+00:00,2026-09-09T09:00:00,2026-09-09,9,2gis,3,,,
2026-09-09T01:00:00+00:00,2026-09-09T09:00:00,2026-09-09,9,yandex,5,Движение плотное,33344.3,
2026-09-09T02:00:00+00:00,2026-09-09T10:00:00,2026-09-09,10,2gis,1,,,
2026-09-09T02:00:00+00:00,2026-09-09T10:00:00,2026-09-09,10,yandex,3,Местами затруднения,24000.5,
2026-09-09T03:00:00+00:00,2026-09-09T11:00:00,2026-09-09,11,2gis,1,,,
2026-09-09T03:00:00+00:00,2026-09-09T11:00:00,2026-09-09,11,yandex,2,Дороги почти свободны,22201.2,
2026-09-09T04:00:00+00:00,2026-09-09T12:00:00,2026-09-09,12,2gis,1,,,
2026-09-09T04:00:00+00:00,2026-09-09T12:00:00,2026-09-09,12,yandex,2,Дороги почти свободны,22764.3,
2026-09-09T05:00:00+00:00,2026-09-09T13:00:00,2026-09-09,13,2gis,1,,,
2026-09-09T05:00:00+00:00,2026-09-09T13:00:00,2026-09-09,13,yandex,3,Местами затруднения,25152.5,
2026-09-09T06:00:00+00:00,2026-09-09T14:00:00,2026-09-09,14,2gis,1,,,
2026-09-09T06:00:00+00:00,2026-09-09T14:00:00,2026-09-09,14,yandex,4,Местами затруднения,23301.1,
2026-09-09T07:00:00+00:00,2026-09-09T15:00:00,2026-09-09,15,2gis,1,,,
2026-09-09T07:00:00+00:00,2026-09-09T15:00:00,2026-09-09,15,yandex,3,Местами затруднения,26038.2,
2026-09-09T08:00:00+00:00,2026-09-09T16:00:00,2026-09-09,16,2gis,1,,,
2026-09-09T08:00:00+00:00,2026-09-09T16:00:00,2026-09-09,16,yandex,3,Местами затруднения,23815.6,
2026-09-09T09:00:00+00:00,2026-09-09T17:00:00,2026-09-09,17,2gis,2,,,
2026-09-09T09:00:00+00:00,2026-09-09T17:00:00,2026-09-09,17,yandex,3,Местами затруднения,27392.9,
2026-09-09T10:00:00+00:00,2026-09-09T18:00:00,2026-09-09,18,2gis,4,,,
2026-09-09T10:00:00+00:00,2026-09-09T18:00:00,2026-09-09,18,yandex,7,Серьёзные пробки,42226.9,
2026-09-09T11:00:00+00:00,2026-09-09T19:00:00,2026-09-09,19,2gis,3,,,
2026-09-09T11:00:00+00:00,2026-09-09T19:00:00,2026-09-09,19,yandex,6,Движение затруднено,27662.1,
2026-09-09T12:00:01+00:00,2026-09-09T20:00:01,2026-09-09,20,2gis,1,,,
2026-09-09T12:00:01+00:00,2026-09-09T20:00:01,2026-09-09,20,yandex,4,Местами затруднения,23675.9,
2026-09-09T13:00:00+00:00,2026-09-09T21:00:00,2026-09-09,21,2gis,1,,,
2026-09-09T13:00:00+00:00,2026-09-09T21:00:00,2026-09-09,21,yandex,2,Дороги почти свободны,16583.4,
2026-09-09T14:00:00+00:00,2026-09-09T22:00:00,2026-09-09,22,2gis,1,,,
2026-09-09T14:00:00+00:00,2026-09-09T22:00:00,2026-09-09,22,yandex,1,На дорогах свободно,12187.8,
2026-09-09T15:00:00+00:00,2026-09-09T23:00:00,2026-09-09,23,2gis,1,,,
2026-09-09T15:00:00+00:00,2026-09-09T23:00:00,2026-09-09,23,yandex,1,На дорогах свободно,9193.8,
2026-09-09T23:00:00+00:00,2026-09-10T07:00:00,2026-09-10,7,2gis,1,,,
2026-09-09T23:00:00+00:00,2026-09-10T07:00:00,2026-09-10,7,yandex,0,На дорогах свободно,6602.6,
2026-09-10T00:00:00+00:00,2026-09-10T08:00:00,2026-09-10,8,2gis,4,,,
2026-09-10T00:00:00+00:00,2026-09-10T08:00:00,2026-09-10,8,yandex,5,Движение плотное,31783.5,
2026-09-10T01:00:00+00:00,2026-09-10T09:00:00,2026-09-10,9,2gis,3,,,
2026-09-10T01:00:00+00:00,2026-09-10T09:00:00,2026-09-10,9,yandex,5,Движение плотное,34184.5,
2026-09-10T02:00:00+00:00,2026-09-10T10:00:00,2026-09-10,10,2gis,1,,,
2026-09-10T02:00:00+00:00,2026-09-10T10:00:00,2026-09-10,10,yandex,3,Местами затруднения,22485.5,
2026-09-10T03:00:00+00:00,2026-09-10T11:00:00,2026-09-10,11,2gis,1,,,
2026-09-10T03:00:00+00:00,2026-09-10T11:00:00,2026-09-10,11,yandex,3,Местами затруднения,25159.0,
2026-09-10T04:00:01+00:00,2026-09-10T12:00:01,2026-09-10,12,2gis,1,,,
2026-09-10T04:00:01+00:00,2026-09-10T12:00:01,2026-09-10,12,yandex,3,Местами затруднения,20873.2,
2026-09-10T05:00:00+00:00,2026-09-10T13:00:00,2026-09-10,13,2gis,2,,,
2026-09-10T05:00:00+00:00,2026-09-10T13:00:00,2026-09-10,13,yandex,3,Местами затруднения,26283.7,
2026-09-10T06:00:00+00:00,2026-09-10T14:00:00,2026-09-10,14,2gis,1,,,
2026-09-10T06:00:00+00:00,2026-09-10T14:00:00,2026-09-10,14,yandex,3,Местами затруднения,24200.1,
2026-09-10T07:00:00+00:00,2026-09-10T15:00:00,2026-09-10,15,2gis,2,,,
2026-09-10T07:00:00+00:00,2026-09-10T15:00:00,2026-09-10,15,yandex,3,Местами затруднения,25388.2,
2026-09-10T08:00:00+00:00,2026-09-10T16:00:00,2026-09-10,16,2gis,1,,,
2026-09-10T08:00:00+00:00,2026-09-10T16:00:00,2026-09-10,16,yandex,3,Местами затруднения,25008.8,
2026-09-10T09:00:00+00:00,2026-09-10T17:00:00,2026-09-10,17,2gis,2,,,
2026-09-10T09:00:00+00:00,2026-09-10T17:00:00,2026-09-10,17,yandex,4,Местами затруднения,25273.2,
2026-09-10T10:00:00+00:00,2026-09-10T18:00:00,2026-09-10,18,2gis,6,,,
2026-09-10T10:00:00+00:00,2026-09-10T18:00:00,2026-09-10,18,yandex,8,Многокилометровые пробки,48141.9,
2026-09-10T11:00:00+00:00,2026-09-10T19:00:00,2026-09-10,19,2gis,4,,,
2026-09-10T11:00:00+00:00,2026-09-10T19:00:00,2026-09-10,19,yandex,8,Многокилометровые пробки,35159.7,
2026-09-10T12:00:00+00:00,2026-09-10T20:00:00,2026-09-10,20,2gis,2,,,
2026-09-10T12:00:00+00:00,2026-09-10T20:00:00,2026-09-10,20,yandex,5,Движение плотное,27516.1,
2026-09-10T13:00:00+00:00,2026-09-10T21:00:00,2026-09-10,21,2gis,1,,,
2026-09-10T13:00:00+00:00,2026-09-10T21:00:00,2026-09-10,21,yandex,3,Местами затруднения,19937.2,
2026-09-10T14:00:00+00:00,2026-09-10T22:00:00,2026-09-10,22,2gis,1,,,
2026-09-10T14:00:00+00:00,2026-09-10T22:00:00,2026-09-10,22,yandex,1,На дорогах свободно,12531.2,
2026-09-10T15:00:00+00:00,2026-09-10T23:00:00,2026-09-10,23,2gis,1,,,
2026-09-10T15:00:00+00:00,2026-09-10T23:00:00,2026-09-10,23,yandex,0,На дорогах свободно,9089.1,
2026-09-10T23:00:00+00:00,2026-09-11T07:00:00,2026-09-11,7,2gis,1,,,
2026-09-10T23:00:00+00:00,2026-09-11T07:00:00,2026-09-11,7,yandex,0,На дорогах свободно,7775.8,
2026-09-11T00:00:00+00:00,2026-09-11T08:00:00,2026-09-11,8,2gis,4,,,
2026-09-11T00:00:00+00:00,2026-09-11T08:00:00,2026-09-11,8,yandex,5,Движение плотное,31567.0,
2026-09-11T01:00:00+00:00,2026-09-11T09:00:00,2026-09-11,9,2gis,2,,,
2026-09-11T01:00:00+00:00,2026-09-11T09:00:00,2026-09-11,9,yandex,4,Местами затруднения,30396.8,
2026-09-11T02:00:00+00:00,2026-09-11T10:00:00,2026-09-11,10,2gis,1,,,
2026-09-11T02:00:00+00:00,2026-09-11T10:00:00,2026-09-11,10,yandex,3,Местами затруднения,20503.4,
2026-09-11T03:00:00+00:00,2026-09-11T11:00:00,2026-09-11,11,2gis,1,,,
2026-09-11T03:00:00+00:00,2026-09-11T11:00:00,2026-09-11,11,yandex,3,Местами затруднения,26663.6,
2026-09-11T04:00:00+00:00,2026-09-11T12:00:00,2026-09-11,12,2gis,2,,,
2026-09-11T04:00:00+00:00,2026-09-11T12:00:00,2026-09-11,12,yandex,3,Местами затруднения,27516.7,
2026-09-11T05:00:00+00:00,2026-09-11T13:00:00,2026-09-11,13,2gis,2,,,
2026-09-11T05:00:00+00:00,2026-09-11T13:00:00,2026-09-11,13,yandex,3,Местами затруднения,26765.5,
2026-09-11T06:00:00+00:00,2026-09-11T14:00:00,2026-09-11,14,2gis,5,,,
2026-09-11T06:00:00+00:00,2026-09-11T14:00:00,2026-09-11,14,yandex,5,Движение плотное,42783.8,
2026-09-11T07:00:00+00:00,2026-09-11T15:00:00,2026-09-11,15,2gis,3,,,
2026-09-11T07:00:00+00:00,2026-09-11T15:00:00,2026-09-11,15,yandex,5,Движение плотное,35697.8,
2026-09-11T08:00:00+00:00,2026-09-11T16:00:00,2026-09-11,16,2gis,3,,,
2026-09-11T08:00:00+00:00,2026-09-11T16:00:00,2026-09-11,16,yandex,4,Местами затруднения,34589.8,
2026-09-11T09:00:00+00:00,2026-09-11T17:00:00,2026-09-11,17,2gis,5,,,
2026-09-11T09:00:00+00:00,2026-09-11T17:00:00,2026-09-11,17,yandex,6,Движение затруднено,48321.5,
2026-09-11T10:00:00+00:00,2026-09-11T18:00:00,2026-09-11,18,2gis,6,,,
2026-09-11T10:00:00+00:00,2026-09-11T18:00:00,2026-09-11,18,yandex,8,Многокилометровые пробки,49756.9,
2026-09-11T11:00:00+00:00,2026-09-11T19:00:00,2026-09-11,19,2gis,4,,,
2026-09-11T11:00:00+00:00,2026-09-11T19:00:00,2026-09-11,19,yandex,7,Серьёзные пробки,35820.2,
2026-09-11T12:00:00+00:00,2026-09-11T20:00:00,2026-09-11,20,2gis,1,,,
2026-09-11T12:00:00+00:00,2026-09-11T20:00:00,2026-09-11,20,yandex,4,Местами затруднения,23575.1,
2026-09-11T13:00:00+00:00,2026-09-11T21:00:00,2026-09-11,21,2gis,1,,,
2026-09-11T13:00:00+00:00,2026-09-11T21:00:00,2026-09-11,21,yandex,2,Дороги почти свободны,18164.2,
2026-09-11T14:00:00+00:00,2026-09-11T22:00:00,2026-09-11,22,2gis,1,,,
2026-09-11T14:00:00+00:00,2026-09-11T22:00:00,2026-09-11,22,yandex,1,На дорогах свободно,14233.6,
2026-09-11T15:00:00+00:00,2026-09-11T23:00:00,2026-09-11,23,2gis,1,,,
2026-09-11T15:00:00+00:00,2026-09-11T23:00:00,2026-09-11,23,yandex,0,На дорогах свободно,8379.1,
2026-09-11T23:00:00+00:00,2026-09-12T07:00:00,2026-09-12,7,2gis,1,,,
2026-09-11T23:00:00+00:00,2026-09-12T07:00:00,2026-09-12,7,yandex,0,На дорогах свободно,3054.7,
2026-09-12T00:00:00+00:00,2026-09-12T08:00:00,2026-09-12,8,2gis,1,,,
2026-09-12T00:00:00+00:00,2026-09-12T08:00:00,2026-09-12,8,yandex,0,На дорогах свободно,5986.6,
2026-09-12T01:00:00+00:00,2026-09-12T09:00:00,2026-09-12,9,2gis,1,,,
2026-09-12T01:00:00+00:00,2026-09-12T09:00:00,2026-09-12,9,yandex,1,На дорогах свободно,12490.1,
2026-09-12T02:00:01+00:00,2026-09-12T10:00:01,2026-09-12,10,2gis,1,,,
2026-09-12T02:00:01+00:00,2026-09-12T10:00:01,2026-09-12,10,yandex,2,Дороги почти свободны,18839.1,
2026-09-12T03:00:00+00:00,2026-09-12T11:00:00,2026-09-12,11,2gis,1,,,
2026-09-12T03:00:00+00:00,2026-09-12T11:00:00,2026-09-12,11,yandex,3,Местами затруднения,23441.5,
2026-09-12T04:00:00+00:00,2026-09-12T12:00:00,2026-09-12,12,2gis,2,,,
2026-09-12T04:00:00+00:00,2026-09-12T12:00:00,2026-09-12,12,yandex,4,Местами затруднения,22333.4,
2026-09-12T05:00:00+00:00,2026-09-12T13:00:00,2026-09-12,13,2gis,2,,,
2026-09-12T05:00:00+00:00,2026-09-12T13:00:00,2026-09-12,13,yandex,4,Местами затруднения,30128.9,
2026-09-12T06:00:00+00:00,2026-09-12T14:00:00,2026-09-12,14,2gis,1,,,
2026-09-12T06:00:00+00:00,2026-09-12T14:00:00,2026-09-12,14,yandex,4,Местами затруднения,23815.9,
2026-09-12T07:00:00+00:00,2026-09-12T15:00:00,2026-09-12,15,2gis,1,,,
2026-09-12T07:00:00+00:00,2026-09-12T15:00:00,2026-09-12,15,yandex,3,Местами затруднения,25743.9,
2026-09-12T08:00:01+00:00,2026-09-12T16:00:01,2026-09-12,16,2gis,1,,,
2026-09-12T08:00:01+00:00,2026-09-12T16:00:01,2026-09-12,16,yandex,3,Местами затруднения,19467.1,
2026-09-12T09:00:00+00:00,2026-09-12T17:00:00,2026-09-12,17,2gis,1,,,
2026-09-12T09:00:00+00:00,2026-09-12T17:00:00,2026-09-12,17,yandex,2,Дороги почти свободны,20076.2,
2026-09-12T10:00:00+00:00,2026-09-12T18:00:00,2026-09-12,18,2gis,1,,,
2026-09-12T10:00:00+00:00,2026-09-12T18:00:00,2026-09-12,18,yandex,2,Дороги почти свободны,17879.8,
2026-09-12T11:00:00+00:00,2026-09-12T19:00:00,2026-09-12,19,2gis,1,,,
2026-09-12T11:00:00+00:00,2026-09-12T19:00:00,2026-09-12,19,yandex,2,Дороги почти свободны,20097.1,
2026-09-12T12:00:00+00:00,2026-09-12T20:00:00,2026-09-12,20,2gis,1,,,
2026-09-12T12:00:00+00:00,2026-09-12T20:00:00,2026-09-12,20,yandex,2,Дороги почти свободны,16428.3,
2026-09-12T13:00:00+00:00,2026-09-12T21:00:00,2026-09-12,21,2gis,1,,,
2026-09-12T13:00:00+00:00,2026-09-12T21:00:00,2026-09-12,21,yandex,2,Дороги почти свободны,16853.6,
2026-09-12T14:00:00+00:00,2026-09-12T22:00:00,2026-09-12,22,2gis,1,,,
2026-09-12T14:00:00+00:00,2026-09-12T22:00:00,2026-09-12,22,yandex,1,На дорогах свободно,14000.5,
2026-09-12T15:00:00+00:00,2026-09-12T23:00:00,2026-09-12,23,2gis,1,,,
2026-09-12T15:00:00+00:00,2026-09-12T23:00:00,2026-09-12,23,yandex,1,На дорогах свободно,8079.2,
2026-09-12T23:00:01+00:00,2026-09-13T07:00:01,2026-09-13,7,2gis,1,,,
2026-09-12T23:00:01+00:00,2026-09-13T07:00:01,2026-09-13,7,yandex,0,На дорогах свободно,2630.4,
2026-09-13T00:00:01+00:00,2026-09-13T08:00:01,2026-09-13,8,2gis,1,,,
2026-09-13T00:00:01+00:00,2026-09-13T08:00:01,2026-09-13,8,yandex,0,На дорогах свободно,3970.9,
2026-09-13T01:00:00+00:00,2026-09-13T09:00:00,2026-09-13,9,2gis,1,,,
2026-09-13T01:00:00+00:00,2026-09-13T09:00:00,2026-09-13,9,yandex,0,На дорогах свободно,9655.8,
2026-09-13T02:00:00+00:00,2026-09-13T10:00:00,2026-09-13,10,2gis,1,,,
2026-09-13T02:00:00+00:00,2026-09-13T10:00:00,2026-09-13,10,yandex,1,На дорогах свободно,10344.5,
2026-09-13T03:00:00+00:00,2026-09-13T11:00:00,2026-09-13,11,2gis,1,,,
2026-09-13T03:00:00+00:00,2026-09-13T11:00:00,2026-09-13,11,yandex,1,На дорогах свободно,13089.9,
2026-09-13T04:00:00+00:00,2026-09-13T12:00:00,2026-09-13,12,2gis,1,,,
2026-09-13T04:00:00+00:00,2026-09-13T12:00:00,2026-09-13,12,yandex,1,На дорогах свободно,14533.6,
2026-09-13T05:00:00+00:00,2026-09-13T13:00:00,2026-09-13,13,2gis,1,,,
2026-09-13T05:00:00+00:00,2026-09-13T13:00:00,2026-09-13,13,yandex,1,На дорогах свободно,14523.2,
2026-09-13T06:00:00+00:00,2026-09-13T14:00:00,2026-09-13,14,2gis,1,,,
2026-09-13T06:00:00+00:00,2026-09-13T14:00:00,2026-09-13,14,yandex,2,Дороги почти свободны,16229.6,
2026-09-13T07:00:00+00:00,2026-09-13T15:00:00,2026-09-13,15,2gis,1,,,
2026-09-13T07:00:00+00:00,2026-09-13T15:00:00,2026-09-13,15,yandex,1,На дорогах свободно,15550.6,
2026-09-13T08:00:00+00:00,2026-09-13T16:00:00,2026-09-13,16,2gis,1,,,
2026-09-13T08:00:00+00:00,2026-09-13T16:00:00,2026-09-13,16,yandex,1,На дорогах свободно,17657.0,
2026-09-13T09:00:00+00:00,2026-09-13T17:00:00,2026-09-13,17,2gis,1,,,
2026-09-13T09:00:00+00:00,2026-09-13T17:00:00,2026-09-13,17,yandex,2,Дороги почти свободны,17382.9,
2026-09-13T10:00:00+00:00,2026-09-13T18:00:00,2026-09-13,18,2gis,1,,,
2026-09-13T10:00:00+00:00,2026-09-13T18:00:00,2026-09-13,18,yandex,3,Местами затруднения,18719.7,
2026-09-13T11:00:00+00:00,2026-09-13T19:00:00,2026-09-13,19,2gis,1,,,
2026-09-13T11:00:00+00:00,2026-09-13T19:00:00,2026-09-13,19,yandex,3,Местами затруднения,19692.5,
2026-09-13T12:00:00+00:00,2026-09-13T20:00:00,2026-09-13,20,2gis,1,,,
2026-09-13T12:00:00+00:00,2026-09-13T20:00:00,2026-09-13,20,yandex,2,Дороги почти свободны,19793.6,
2026-09-13T13:00:00+00:00,2026-09-13T21:00:00,2026-09-13,21,2gis,1,,,
2026-09-13T13:00:00+00:00,2026-09-13T21:00:00,2026-09-13,21,yandex,2,Дороги почти свободны,16044.5,
2026-09-13T14:00:00+00:00,2026-09-13T22:00:00,2026-09-13,22,2gis,1,,,
2026-09-13T14:00:00+00:00,2026-09-13T22:00:00,2026-09-13,22,yandex,1,На дорогах свободно,12867.5,
2026-09-13T15:00:00+00:00,2026-09-13T23:00:00,2026-09-13,23,2gis,1,,,
2026-09-13T15:00:00+00:00,2026-09-13T23:00:00,2026-09-13,23,yandex,0,На дорогах свободно,6736.1,
2026-09-13T23:00:00+00:00,2026-09-14T07:00:00,2026-09-14,7,2gis,1,,,
2026-09-13T23:00:00+00:00,2026-09-14T07:00:00,2026-09-14,7,yandex,0,На дорогах свободно,7059.7,
2026-09-14T00:00:00+00:00,2026-09-14T08:00:00,2026-09-14,8,2gis,5,,,
2026-09-14T00:00:00+00:00,2026-09-14T08:00:00,2026-09-14,8,yandex,5,Движение плотное,31982.1,
2026-09-14T01:00:00+00:00,2026-09-14T09:00:00,2026-09-14,9,2gis,3,,,
2026-09-14T01:00:00+00:00,2026-09-14T09:00:00,2026-09-14,9,yandex,5,Движение плотное,30861.1,
2026-09-14T02:00:00+00:00,2026-09-14T10:00:00,2026-09-14,10,2gis,1,,,
2026-09-14T02:00:00+00:00,2026-09-14T10:00:00,2026-09-14,10,yandex,3,Местами затруднения,24587.5,
2026-09-14T03:00:00+00:00,2026-09-14T11:00:00,2026-09-14,11,2gis,1,,,
2026-09-14T03:00:00+00:00,2026-09-14T11:00:00,2026-09-14,11,yandex,2,Дороги почти свободны,23725.7,
2026-09-14T04:00:00+00:00,2026-09-14T12:00:00,2026-09-14,12,2gis,1,,,
2026-09-14T04:00:00+00:00,2026-09-14T12:00:00,2026-09-14,12,yandex,3,Местами затруднения,22160.5,
2026-09-14T05:00:01+00:00,2026-09-14T13:00:01,2026-09-14,13,2gis,1,,,
2026-09-14T05:00:01+00:00,2026-09-14T13:00:01,2026-09-14,13,yandex,3,Местами затруднения,23334.4,
2026-09-14T06:00:00+00:00,2026-09-14T14:00:00,2026-09-14,14,2gis,2,,,
2026-09-14T06:00:00+00:00,2026-09-14T14:00:00,2026-09-14,14,yandex,3,Местами затруднения,21800.9,
2026-09-14T07:00:00+00:00,2026-09-14T15:00:00,2026-09-14,15,2gis,1,,,
2026-09-14T07:00:00+00:00,2026-09-14T15:00:00,2026-09-14,15,yandex,3,Местами затруднения,23531.0,
2026-09-14T08:00:00+00:00,2026-09-14T16:00:00,2026-09-14,16,2gis,1,,,
2026-09-14T08:00:00+00:00,2026-09-14T16:00:00,2026-09-14,16,yandex,3,Местами затруднения,22474.7,
2026-09-14T09:00:00+00:00,2026-09-14T17:00:00,2026-09-14,17,2gis,2,,,
2026-09-14T09:00:00+00:00,2026-09-14T17:00:00,2026-09-14,17,yandex,3,Местами затруднения,26595.7,
2026-09-14T10:00:00+00:00,2026-09-14T18:00:00,2026-09-14,18,2gis,4,,,
2026-09-14T10:00:00+00:00,2026-09-14T18:00:00,2026-09-14,18,yandex,6,Движение затруднено,39068.1,
2026-09-14T11:00:00+00:00,2026-09-14T19:00:00,2026-09-14,19,2gis,3,,,
2026-09-14T11:00:00+00:00,2026-09-14T19:00:00,2026-09-14,19,yandex,5,Движение плотное,34143.3,
2026-09-14T12:00:00+00:00,2026-09-14T20:00:00,2026-09-14,20,2gis,1,,,
2026-09-14T12:00:00+00:00,2026-09-14T20:00:00,2026-09-14,20,yandex,3,Местами затруднения,18307.1,
2026-09-14T13:00:00+00:00,2026-09-14T21:00:00,2026-09-14,21,2gis,1,,,
2026-09-14T13:00:00+00:00,2026-09-14T21:00:00,2026-09-14,21,yandex,2,Дороги почти свободны,16971.9,
2026-09-14T14:00:00+00:00,2026-09-14T22:00:00,2026-09-14,22,2gis,1,,,
2026-09-14T14:00:00+00:00,2026-09-14T22:00:00,2026-09-14,22,yandex,1,На дорогах свободно,11163.1,
2026-09-14T15:00:00+00:00,2026-09-14T23:00:00,2026-09-14,23,2gis,1,,,
2026-09-14T15:00:00+00:00,2026-09-14T23:00:00,2026-09-14,23,yandex,0,На дорогах свободно,8747.2,
2026-09-14T23:00:01+00:00,2026-09-15T07:00:01,2026-09-15,7,2gis,1,,,
2026-09-14T23:00:01+00:00,2026-09-15T07:00:01,2026-09-15,7,yandex,0,На дорогах свободно,7700.0,
2026-09-15T00:00:00+00:00,2026-09-15T08:00:00,2026-09-15,8,2gis,5,,,
2026-09-15T00:00:00+00:00,2026-09-15T08:00:00,2026-09-15,8,yandex,5,Движение плотное,29249.9,
2026-09-15T01:00:00+00:00,2026-09-15T09:00:00,2026-09-15,9,2gis,3,,,
2026-09-15T01:00:00+00:00,2026-09-15T09:00:00,2026-09-15,9,yandex,5,Движение плотное,32530.0,
2026-09-15T02:00:00+00:00,2026-09-15T10:00:00,2026-09-15,10,2gis,2,,,
2026-09-15T02:00:00+00:00,2026-09-15T10:00:00,2026-09-15,10,yandex,3,Местами затруднения,29383.6,
2026-09-15T03:00:00+00:00,2026-09-15T11:00:00,2026-09-15,11,2gis,1,,,
2026-09-15T03:00:00+00:00,2026-09-15T11:00:00,2026-09-15,11,yandex,3,Местами затруднения,22580.8,
2026-09-15T04:00:00+00:00,2026-09-15T12:00:00,2026-09-15,12,2gis,1,,,
2026-09-15T04:00:00+00:00,2026-09-15T12:00:00,2026-09-15,12,yandex,3,Местами затруднения,28275.3,
2026-09-15T05:00:00+00:00,2026-09-15T13:00:00,2026-09-15,13,2gis,1,,,
2026-09-15T05:00:00+00:00,2026-09-15T13:00:00,2026-09-15,13,yandex,3,Местами затруднения,24471.2,
2026-09-15T06:00:00+00:00,2026-09-15T14:00:00,2026-09-15,14,2gis,1,,,
2026-09-15T06:00:00+00:00,2026-09-15T14:00:00,2026-09-15,14,yandex,3,Местами затруднения,24342.3,
2026-09-15T07:00:00+00:00,2026-09-15T15:00:00,2026-09-15,15,2gis,1,,,
2026-09-15T07:00:00+00:00,2026-09-15T15:00:00,2026-09-15,15,yandex,3,Местами затруднения,23014.3,
2026-09-15T08:00:00+00:00,2026-09-15T16:00:00,2026-09-15,16,2gis,1,,,
2026-09-15T08:00:00+00:00,2026-09-15T16:00:00,2026-09-15,16,yandex,3,Местами затруднения,25041.7,
2026-09-15T09:00:00+00:00,2026-09-15T17:00:00,2026-09-15,17,2gis,2,,,
2026-09-15T09:00:00+00:00,2026-09-15T17:00:00,2026-09-15,17,yandex,3,Местами затруднения,27627.8,
2026-09-15T10:00:00+00:00,2026-09-15T18:00:00,2026-09-15,18,2gis,4,,,
2026-09-15T10:00:00+00:00,2026-09-15T18:00:00,2026-09-15,18,yandex,6,Движение затруднено,44805.8,
2026-09-15T11:00:00+00:00,2026-09-15T19:00:00,2026-09-15,19,2gis,3,,,
2026-09-15T11:00:00+00:00,2026-09-15T19:00:00,2026-09-15,19,yandex,5,Движение плотное,33414.2,
2026-09-15T12:00:00+00:00,2026-09-15T20:00:00,2026-09-15,20,2gis,1,,,
2026-09-15T12:00:00+00:00,2026-09-15T20:00:00,2026-09-15,20,yandex,3,Местами затруднения,23013.8,
2026-09-15T13:00:00+00:00,2026-09-15T21:00:00,2026-09-15,21,2gis,1,,,
2026-09-15T13:00:00+00:00,2026-09-15T21:00:00,2026-09-15,21,yandex,2,Дороги почти свободны,13986.5,
2026-09-15T14:00:00+00:00,2026-09-15T22:00:00,2026-09-15,22,2gis,1,,,
2026-09-15T14:00:00+00:00,2026-09-15T22:00:00,2026-09-15,22,yandex,1,На дорогах свободно,12292.7,
2026-09-15T15:00:00+00:00,2026-09-15T23:00:00,2026-09-15,23,2gis,1,,,
2026-09-15T15:00:00+00:00,2026-09-15T23:00:00,2026-09-15,23,yandex,0,На дорогах свободно,9856.6,
2026-09-15T23:00:00+00:00,2026-09-16T07:00:00,2026-09-16,7,2gis,1,,,
2026-09-15T23:00:00+00:00,2026-09-16T07:00:00,2026-09-16,7,yandex,0,На дорогах свободно,7520.3,
2026-09-16T00:00:00+00:00,2026-09-16T08:00:00,2026-09-16,8,2gis,5,,,
2026-09-16T00:00:00+00:00,2026-09-16T08:00:00,2026-09-16,8,yandex,5,Движение плотное,31423.3,
2026-09-16T01:00:00+00:00,2026-09-16T09:00:00,2026-09-16,9,2gis,3,,,
2026-09-16T01:00:00+00:00,2026-09-16T09:00:00,2026-09-16,9,yandex,5,Движение плотное,32807.6,
2026-09-16T02:00:00+00:00,2026-09-16T10:00:00,2026-09-16,10,2gis,1,,,
2026-09-16T02:00:00+00:00,2026-09-16T10:00:00,2026-09-16,10,yandex,3,Местами затруднения,24633.2,
2026-09-16T03:00:00+00:00,2026-09-16T11:00:00,2026-09-16,11,2gis,1,,,
2026-09-16T03:00:00+00:00,2026-09-16T11:00:00,2026-09-16,11,yandex,2,Дороги почти свободны,22706.4,
2026-09-16T04:00:00+00:00,2026-09-16T12:00:00,2026-09-16,12,2gis,1,,,
2026-09-16T04:00:00+00:00,2026-09-16T12:00:00,2026-09-16,12,yandex,3,Местами затруднения,25821.8,
2026-09-16T05:00:00+00:00,2026-09-16T13:00:00,2026-09-16,13,2gis,1,,,
2026-09-16T05:00:00+00:00,2026-09-16T13:00:00,2026-09-16,13,yandex,3,Местами затруднения,22115.9,
2026-09-16T06:00:00+00:00,2026-09-16T14:00:00,2026-09-16,14,2gis,1,,,
2026-09-16T06:00:00+00:00,2026-09-16T14:00:00,2026-09-16,14,yandex,3,Местами затруднения,23578.0,
2026-09-16T07:00:00+00:00,2026-09-16T15:00:00,2026-09-16,15,2gis,1,,,
2026-09-16T07:00:00+00:00,2026-09-16T15:00:00,2026-09-16,15,yandex,3,Местами затруднения,24862.8,
2026-09-16T08:00:00+00:00,2026-09-16T16:00:00,2026-09-16,16,2gis,1,,,
2026-09-16T08:00:00+00:00,2026-09-16T16:00:00,2026-09-16,16,yandex,3,Местами затруднения,23282.2,
2026-09-16T09:00:00+00:00,2026-09-16T17:00:00,2026-09-16,17,2gis,2,,,
2026-09-16T09:00:00+00:00,2026-09-16T17:00:00,2026-09-16,17,yandex,3,Местами затруднения,30333.7,
2026-09-16T10:00:00+00:00,2026-09-16T18:00:00,2026-09-16,18,2gis,5,,,
2026-09-16T10:00:00+00:00,2026-09-16T18:00:00,2026-09-16,18,yandex,7,Серьёзные пробки,43772.6,
2026-09-16T11:00:00+00:00,2026-09-16T19:00:00,2026-09-16,19,2gis,3,,,
2026-09-16T11:00:00+00:00,2026-09-16T19:00:00,2026-09-16,19,yandex,5,Движение плотное,34324.2,
2026-09-16T12:00:00+00:00,2026-09-16T20:00:00,2026-09-16,20,2gis,1,,,
2026-09-16T12:00:00+00:00,2026-09-16T20:00:00,2026-09-16,20,yandex,3,Местами затруднения,23411.0,
2026-09-16T13:00:00+00:00,2026-09-16T21:00:00,2026-09-16,21,2gis,1,,,
2026-09-16T13:00:00+00:00,2026-09-16T21:00:00,2026-09-16,21,yandex,2,Дороги почти свободны,14679.8,
2026-09-16T14:00:00+00:00,2026-09-16T22:00:00,2026-09-16,22,2gis,1,,,
2026-09-16T14:00:00+00:00,2026-09-16T22:00:00,2026-09-16,22,yandex,1,На дорогах свободно,12011.1,
2026-09-16T15:00:00+00:00,2026-09-16T23:00:00,2026-09-16,23,2gis,1,,,
2026-09-16T15:00:00+00:00,2026-09-16T23:00:00,2026-09-16,23,yandex,0,На дорогах свободно,9285.2,
2026-09-16T23:00:00+00:00,2026-09-17T07:00:00,2026-09-17,7,2gis,1,,,
2026-09-16T23:00:00+00:00,2026-09-17T07:00:00,2026-09-17,7,yandex,0,На дорогах свободно,10197.1,
2026-09-17T00:00:00+00:00,2026-09-17T08:00:00,2026-09-17,8,2gis,4,,,
2026-09-17T00:00:00+00:00,2026-09-17T08:00:00,2026-09-17,8,yandex,5,Движение плотное,32076.0,
2026-09-17T01:00:00+00:00,2026-09-17T09:00:00,2026-09-17,9,2gis,2,,,
2026-09-17T01:00:00+00:00,2026-09-17T09:00:00,2026-09-17,9,yandex,4,Местами затруднения,28557.5,
2026-09-17T02:00:00+00:00,2026-09-17T10:00:00,2026-09-17,10,2gis,1,,,
2026-09-17T02:00:00+00:00,2026-09-17T10:00:00,2026-09-17,10,yandex,3,Местами затруднения,24495.8,
2026-09-17T03:00:00+00:00,2026-09-17T11:00:00,2026-09-17,11,2gis,1,,,
2026-09-17T03:00:00+00:00,2026-09-17T11:00:00,2026-09-17,11,yandex,3,Местами затруднения,24157.4,
2026-09-17T04:00:01+00:00,2026-09-17T12:00:01,2026-09-17,12,2gis,2,,,
2026-09-17T04:00:01+00:00,2026-09-17T12:00:01,2026-09-17,12,yandex,3,Местами затруднения,22586.1,
2026-09-17T05:00:00+00:00,2026-09-17T13:00:00,2026-09-17,13,2gis,1,,,
2026-09-17T05:00:00+00:00,2026-09-17T13:00:00,2026-09-17,13,yandex,3,Местами затруднения,22246.0,
2026-09-17T06:00:00+00:00,2026-09-17T14:00:00,2026-09-17,14,2gis,1,,,
2026-09-17T06:00:00+00:00,2026-09-17T14:00:00,2026-09-17,14,yandex,3,Местами затруднения,26224.8,
2026-09-17T07:00:01+00:00,2026-09-17T15:00:01,2026-09-17,15,2gis,1,,,
2026-09-17T07:00:01+00:00,2026-09-17T15:00:01,2026-09-17,15,yandex,3,Местами затруднения,23645.1,
2026-09-17T08:00:01+00:00,2026-09-17T16:00:01,2026-09-17,16,2gis,1,,,
2026-09-17T08:00:01+00:00,2026-09-17T16:00:01,2026-09-17,16,yandex,3,Местами затруднения,24803.4,
2026-09-17T09:00:00+00:00,2026-09-17T17:00:00,2026-09-17,17,2gis,2,,,
2026-09-17T09:00:00+00:00,2026-09-17T17:00:00,2026-09-17,17,yandex,3,Местами затруднения,30179.0,
2026-09-17T10:00:00+00:00,2026-09-17T18:00:00,2026-09-17,18,2gis,5,,,
2026-09-17T10:00:00+00:00,2026-09-17T18:00:00,2026-09-17,18,yandex,6,Движение затруднено,41392.3,
2026-09-17T11:00:00+00:00,2026-09-17T19:00:00,2026-09-17,19,2gis,2,,,
2026-09-17T11:00:00+00:00,2026-09-17T19:00:00,2026-09-17,19,yandex,5,Движение плотное,30351.9,
2026-09-17T12:00:00+00:00,2026-09-17T20:00:00,2026-09-17,20,2gis,1,,,
2026-09-17T12:00:00+00:00,2026-09-17T20:00:00,2026-09-17,20,yandex,3,Местами затруднения,20096.1,
2026-09-17T13:00:00+00:00,2026-09-17T21:00:00,2026-09-17,21,2gis,1,,,
2026-09-17T13:00:00+00:00,2026-09-17T21:00:00,2026-09-17,21,yandex,2,Дороги почти свободны,15558.4,
2026-09-17T14:00:00+00:00,2026-09-17T22:00:00,2026-09-17,22,2gis,1,,,
2026-09-17T14:00:00+00:00,2026-09-17T22:00:00,2026-09-17,22,yandex,1,На дорогах свободно,14396.7,
2026-09-17T15:00:00+00:00,2026-09-17T23:00:00,2026-09-17,23,2gis,1,,,
2026-09-17T15:00:00+00:00,2026-09-17T23:00:00,2026-09-17,23,yandex,0,На дорогах свободно,13751.6,
2026-09-17T23:00:00+00:00,2026-09-18T07:00:00,2026-09-18,7,2gis,1,,,
2026-09-17T23:00:00+00:00,2026-09-18T07:00:00,2026-09-18,7,yandex,0,На дорогах свободно,6692.9,
2026-09-18T00:00:00+00:00,2026-09-18T08:00:00,2026-09-18,8,2gis,2,,,
2026-09-18T00:00:00+00:00,2026-09-18T08:00:00,2026-09-18,8,yandex,3,Местами затруднения,24123.1,
2026-09-18T01:00:00+00:00,2026-09-18T09:00:00,2026-09-18,9,2gis,2,,,
2026-09-18T01:00:00+00:00,2026-09-18T09:00:00,2026-09-18,9,yandex,3,Местами затруднения,23926.5,
2026-09-18T02:00:00+00:00,2026-09-18T10:00:00,2026-09-18,10,2gis,1,,,
2026-09-18T02:00:00+00:00,2026-09-18T10:00:00,2026-09-18,10,yandex,3,Местами затруднения,23409.1,
2026-09-18T03:00:00+00:00,2026-09-18T11:00:00,2026-09-18,11,2gis,2,,,
2026-09-18T03:00:00+00:00,2026-09-18T11:00:00,2026-09-18,11,yandex,3,Местами затруднения,28339.7,
2026-09-18T04:00:00+00:00,2026-09-18T12:00:00,2026-09-18,12,2gis,2,,,
2026-09-18T04:00:00+00:00,2026-09-18T12:00:00,2026-09-18,12,yandex,3,Местами затруднения,28565.1,
2026-09-18T05:00:00+00:00,2026-09-18T13:00:00,2026-09-18,13,2gis,3,,,
2026-09-18T05:00:00+00:00,2026-09-18T13:00:00,2026-09-18,13,yandex,4,Местами затруднения,32544.4,
2026-09-18T06:00:01+00:00,2026-09-18T14:00:01,2026-09-18,14,2gis,3,,,
2026-09-18T06:00:01+00:00,2026-09-18T14:00:01,2026-09-18,14,yandex,4,Местами затруднения,33132.9,
2026-09-18T07:00:00+00:00,2026-09-18T15:00:00,2026-09-18,15,2gis,3,,,
2026-09-18T07:00:00+00:00,2026-09-18T15:00:00,2026-09-18,15,yandex,5,Движение плотное,36526.9,
2026-09-18T08:00:00+00:00,2026-09-18T16:00:00,2026-09-18,16,2gis,4,,,
2026-09-18T08:00:00+00:00,2026-09-18T16:00:00,2026-09-18,16,yandex,4,Местами затруднения,39581.6,
2026-09-18T09:00:20+00:00,2026-09-18T17:00:20,2026-09-18,17,2gis,5,,,
2026-09-18T09:00:20+00:00,2026-09-18T17:00:20,2026-09-18,17,yandex,6,Движение затруднено,45940.2,
2026-09-18T10:00:34+00:00,2026-09-18T18:00:34,2026-09-18,18,2gis,5,,,
2026-09-18T10:00:34+00:00,2026-09-18T18:00:34,2026-09-18,18,yandex,7,Серьёзные пробки,47285.5,
2026-09-18T11:00:37+00:00,2026-09-18T19:00:37,2026-09-18,19,2gis,2,,,
2026-09-18T11:00:37+00:00,2026-09-18T19:00:37,2026-09-18,19,yandex,4,Местами затруднения,37419.1,
2026-09-18T12:00:27+00:00,2026-09-18T20:00:27,2026-09-18,20,2gis,1,,,
2026-09-18T12:00:27+00:00,2026-09-18T20:00:27,2026-09-18,20,yandex,3,Местами затруднения,27036.5,
2026-09-18T13:00:00+00:00,2026-09-18T21:00:00,2026-09-18,21,2gis,1,,,
2026-09-18T13:00:00+00:00,2026-09-18T21:00:00,2026-09-18,21,yandex,2,Дороги почти свободны,17760.2,
2026-09-18T14:00:00+00:00,2026-09-18T22:00:00,2026-09-18,22,2gis,1,,,
2026-09-18T14:00:00+00:00,2026-09-18T22:00:00,2026-09-18,22,yandex,1,На дорогах свободно,10356.4,
2026-09-18T15:00:00+00:00,2026-09-18T23:00:00,2026-09-18,23,2gis,1,,,
2026-09-18T15:00:00+00:00,2026-09-18T23:00:00,2026-09-18,23,yandex,1,На дорогах свободно,10017.7,
2026-09-18T23:00:00+00:00,2026-09-19T07:00:00,2026-09-19,7,2gis,1,,,
2026-09-18T23:00:00+00:00,2026-09-19T07:00:00,2026-09-19,7,yandex,0,На дорогах свободно,4450.3,
2026-09-19T00:00:18+00:00,2026-09-19T08:00:18,2026-09-19,8,2gis,1,,,
2026-09-19T00:00:18+00:00,2026-09-19T08:00:18,2026-09-19,8,yandex,0,На дорогах свободно,10597.6,
2026-09-19T01:00:00+00:00,2026-09-19T09:00:00,2026-09-19,9,2gis,1,,,
2026-09-19T01:00:00+00:00,2026-09-19T09:00:00,2026-09-19,9,yandex,1,На дорогах свободно,12295.7,
2026-09-19T02:00:00+00:00,2026-09-19T10:00:00,2026-09-19,10,2gis,1,,,
2026-09-19T02:00:00+00:00,2026-09-19T10:00:00,2026-09-19,10,yandex,1,На дорогах свободно,15603.0,
2026-09-19T03:00:00+00:00,2026-09-19T11:00:00,2026-09-19,11,2gis,1,,,
2026-09-19T03:00:00+00:00,2026-09-19T11:00:00,2026-09-19,11,yandex,2,Дороги почти свободны,19105.5,
2026-09-19T04:00:00+00:00,2026-09-19T12:00:00,2026-09-19,12,2gis,1,,,
2026-09-19T04:00:00+00:00,2026-09-19T12:00:00,2026-09-19,12,yandex,2,Дороги почти свободны,24874.4,
2026-09-19T05:00:00+00:00,2026-09-19T13:00:00,2026-09-19,13,2gis,1,,,
2026-09-19T05:00:00+00:00,2026-09-19T13:00:00,2026-09-19,13,yandex,3,Местами затруднения,26382.7,
2026-09-19T06:00:00+00:00,2026-09-19T14:00:00,2026-09-19,14,2gis,1,,,
2026-09-19T06:00:00+00:00,2026-09-19T14:00:00,2026-09-19,14,yandex,3,Местами затруднения,26351.7,
2026-09-19T07:00:20+00:00,2026-09-19T15:00:20,2026-09-19,15,2gis,1,,,
2026-09-19T07:00:20+00:00,2026-09-19T15:00:20,2026-09-19,15,yandex,4,Местами затруднения,24013.5,
2026-09-19T08:00:20+00:00,2026-09-19T16:00:20,2026-09-19,16,2gis,1,,,
2026-09-19T08:00:20+00:00,2026-09-19T16:00:20,2026-09-19,16,yandex,4,Местами затруднения,29944.0,
2026-09-19T09:00:21+00:00,2026-09-19T17:00:21,2026-09-19,17,2gis,1,,,
2026-09-19T09:00:21+00:00,2026-09-19T17:00:21,2026-09-19,17,yandex,3,Местами затруднения,22526.5,
2026-09-19T10:00:00+00:00,2026-09-19T18:00:00,2026-09-19,18,2gis,1,,,
2026-09-19T10:00:00+00:00,2026-09-19T18:00:00,2026-09-19,18,yandex,2,Дороги почти свободны,18719.8,
2026-09-19T11:00:00+00:00,2026-09-19T19:00:00,2026-09-19,19,2gis,1,,,
2026-09-19T11:00:00+00:00,2026-09-19T19:00:00,2026-09-19,19,yandex,2,Дороги почти свободны,15047.0,
2026-09-19T12:00:00+00:00,2026-09-19T20:00:00,2026-09-19,20,2gis,1,,,
2026-09-19T12:00:00+00:00,2026-09-19T20:00:00,2026-09-19,20,yandex,2,Дороги почти свободны,17395.6,
2026-09-19T13:00:00+00:00,2026-09-19T21:00:00,2026-09-19,21,2gis,1,,,
2026-09-19T13:00:00+00:00,2026-09-19T21:00:00,2026-09-19,21,yandex,2,Дороги почти свободны,13356.5,
2026-09-19T14:00:00+00:00,2026-09-19T22:00:00,2026-09-19,22,2gis,1,,,
2026-09-19T14:00:00+00:00,2026-09-19T22:00:00,2026-09-19,22,yandex,1,На дорогах свободно,11726.2,
2026-09-19T15:00:00+00:00,2026-09-19T23:00:00,2026-09-19,23,2gis,1,,,
2026-09-19T15:00:00+00:00,2026-09-19T23:00:00,2026-09-19,23,yandex,0,На дорогах свободно,9578.3,
2026-09-19T23:00:00+00:00,2026-09-20T07:00:00,2026-09-20,7,2gis,1,,,
2026-09-19T23:00:00+00:00,2026-09-20T07:00:00,2026-09-20,7,yandex,0,На дорогах свободно,4133.5,
2026-09-20T00:00:00+00:00,2026-09-20T08:00:00,2026-09-20,8,2gis,1,,,
2026-09-20T00:00:00+00:00,2026-09-20T08:00:00,2026-09-20,8,yandex,0,На дорогах свободно,8114.3,
2026-09-20T01:00:00+00:00,2026-09-20T09:00:00,2026-09-20,9,2gis,1,,,
2026-09-20T01:00:00+00:00,2026-09-20T09:00:00,2026-09-20,9,yandex,0,На дорогах свободно,10237.7,
2026-09-20T02:00:00+00:00,2026-09-20T10:00:00,2026-09-20,10,2gis,1,,,
2026-09-20T02:00:00+00:00,2026-09-20T10:00:00,2026-09-20,10,yandex,1,На дорогах свободно,10926.4,
2026-09-20T03:00:00+00:00,2026-09-20T11:00:00,2026-09-20,11,2gis,1,,,
2026-09-20T03:00:00+00:00,2026-09-20T11:00:00,2026-09-20,11,yandex,1,На дорогах свободно,11753.0,
2026-09-20T04:00:17+00:00,2026-09-20T12:00:17,2026-09-20,12,2gis,1,,,
2026-09-20T04:00:17+00:00,2026-09-20T12:00:17,2026-09-20,12,yandex,1,На дорогах свободно,13367.0,
2026-09-20T05:00:17+00:00,2026-09-20T13:00:17,2026-09-20,13,2gis,1,,,
2026-09-20T05:00:17+00:00,2026-09-20T13:00:17,2026-09-20,13,yandex,2,Дороги почти свободны,17712.3,
2026-09-20T06:00:00+00:00,2026-09-20T14:00:00,2026-09-20,14,2gis,1,,,
2026-09-20T06:00:00+00:00,2026-09-20T14:00:00,2026-09-20,14,yandex,2,Дороги почти свободны,18633.4,
2026-09-20T07:00:00+00:00,2026-09-20T15:00:00,2026-09-20,15,2gis,1,,,
2026-09-20T07:00:00+00:00,2026-09-20T15:00:00,2026-09-20,15,yandex,2,Дороги почти свободны,19225.3,
2026-09-20T08:00:00+00:00,2026-09-20T16:00:00,2026-09-20,16,2gis,1,,,
2026-09-20T08:00:00+00:00,2026-09-20T16:00:00,2026-09-20,16,yandex,2,Дороги почти свободны,17746.5,
2026-09-20T09:00:00+00:00,2026-09-20T17:00:00,2026-09-20,17,2gis,1,,,
2026-09-20T09:00:00+00:00,2026-09-20T17:00:00,2026-09-20,17,yandex,2,Дороги почти свободны,16702.0,
2026-09-20T10:00:00+00:00,2026-09-20T18:00:00,2026-09-20,18,2gis,1,,,
2026-09-20T10:00:00+00:00,2026-09-20T18:00:00,2026-09-20,18,yandex,2,Дороги почти свободны,17719.3,
2026-09-20T11:00:25+00:00,2026-09-20T19:00:25,2026-09-20,19,2gis,1,,,
2026-09-20T11:00:25+00:00,2026-09-20T19:00:25,2026-09-20,19,yandex,2,Дороги почти свободны,17075.5,
2026-09-20T12:00:23+00:00,2026-09-20T20:00:23,2026-09-20,20,2gis,1,,,
2026-09-20T12:00:23+00:00,2026-09-20T20:00:23,2026-09-20,20,yandex,2,Дороги почти свободны,19508.7,
2026-09-20T13:00:26+00:00,2026-09-20T21:00:26,2026-09-20,21,2gis,1,,,
2026-09-20T13:00:26+00:00,2026-09-20T21:00:26,2026-09-20,21,yandex,1,На дорогах свободно,14780.3,
2026-09-20T14:00:00+00:00,2026-09-20T22:00:00,2026-09-20,22,2gis,1,,,
2026-09-20T14:00:00+00:00,2026-09-20T22:00:00,2026-09-20,22,yandex,1,На дорогах свободно,10763.6,
2026-09-20T15:00:00+00:00,2026-09-20T23:00:00,2026-09-20,23,2gis,1,,,
2026-09-20T15:00:00+00:00,2026-09-20T23:00:00,2026-09-20,23,yandex,0,На дорогах свободно,9883.4,
2026-09-20T23:00:00+00:00,2026-09-21T07:00:00,2026-09-21,7,2gis,1,,,
2026-09-20T23:00:00+00:00,2026-09-21T07:00:00,2026-09-21,7,yandex,0,На дорогах свободно,7972.9,
2026-09-21T00:00:00+00:00,2026-09-21T08:00:00,2026-09-21,8,2gis,4,,,
2026-09-21T00:00:00+00:00,2026-09-21T08:00:00,2026-09-21,8,yandex,5,Движение плотное,26061.2,
2026-09-21T01:00:00+00:00,2026-09-21T09:00:00,2026-09-21,9,2gis,3,,,
2026-09-21T01:00:00+00:00,2026-09-21T09:00:00,2026-09-21,9,yandex,5,Движение плотное,32208.7,
2026-09-21T02:00:00+00:00,2026-09-21T10:00:00,2026-09-21,10,2gis,1,,,
2026-09-21T02:00:00+00:00,2026-09-21T10:00:00,2026-09-21,10,yandex,3,Местами затруднения,25286.7,
2026-09-21T03:00:00+00:00,2026-09-21T11:00:00,2026-09-21,11,2gis,1,,,
2026-09-21T03:00:00+00:00,2026-09-21T11:00:00,2026-09-21,11,yandex,3,Местами затруднения,24363.1,
2026-09-21T04:00:00+00:00,2026-09-21T12:00:00,2026-09-21,12,2gis,1,,,
2026-09-21T04:00:00+00:00,2026-09-21T12:00:00,2026-09-21,12,yandex,3,Местами затруднения,24535.5,
2026-09-21T05:00:00+00:00,2026-09-21T13:00:00,2026-09-21,13,2gis,1,,,
2026-09-21T05:00:00+00:00,2026-09-21T13:00:00,2026-09-21,13,yandex,3,Местами затруднения,24277.4,
2026-09-21T06:00:00+00:00,2026-09-21T14:00:00,2026-09-21,14,2gis,1,,,
2026-09-21T06:00:00+00:00,2026-09-21T14:00:00,2026-09-21,14,yandex,3,Местами затруднения,25694.1,
2026-09-21T07:00:18+00:00,2026-09-21T15:00:18,2026-09-21,15,2gis,1,,,
2026-09-21T07:00:18+00:00,2026-09-21T15:00:18,2026-09-21,15,yandex,3,Местами затруднения,23486.4,
2026-09-21T08:00:25+00:00,2026-09-21T16:00:25,2026-09-21,16,2gis,1,,,
2026-09-21T08:00:25+00:00,2026-09-21T16:00:25,2026-09-21,16,yandex,3,Местами затруднения,23510.8,
2026-09-21T09:00:22+00:00,2026-09-21T17:00:22,2026-09-21,17,2gis,2,,,
2026-09-21T09:00:22+00:00,2026-09-21T17:00:22,2026-09-21,17,yandex,3,Местами затруднения,29156.6,
2026-09-21T10:00:30+00:00,2026-09-21T18:00:30,2026-09-21,18,2gis,8,,,
2026-09-21T10:00:30+00:00,2026-09-21T18:00:30,2026-09-21,18,yandex,8,Многокилометровые пробки,52753.5,
2026-09-21T11:00:00+00:00,2026-09-21T19:00:00,2026-09-21,19,2gis,7,,,
2026-09-21T11:00:00+00:00,2026-09-21T19:00:00,2026-09-21,19,yandex,8,Многокилометровые пробки,56617.8,
2026-09-21T12:00:00+00:00,2026-09-21T20:00:00,2026-09-21,20,2gis,2,,,
2026-09-21T12:00:00+00:00,2026-09-21T20:00:00,2026-09-21,20,yandex,4,Местами затруднения,33552.6,
2026-09-21T13:00:00+00:00,2026-09-21T21:00:00,2026-09-21,21,2gis,1,,,
2026-09-21T13:00:00+00:00,2026-09-21T21:00:00,2026-09-21,21,yandex,2,Дороги почти свободны,15864.6,
2026-09-21T14:00:01+00:00,2026-09-21T22:00:01,2026-09-21,22,2gis,1,,,
2026-09-21T14:00:01+00:00,2026-09-21T22:00:01,2026-09-21,22,yandex,1,На дорогах свободно,9811.3,
2026-09-21T15:00:00+00:00,2026-09-21T23:00:00,2026-09-21,23,2gis,1,,,
2026-09-21T15:00:00+00:00,2026-09-21T23:00:00,2026-09-21,23,yandex,0,На дорогах свободно,10015.6,
2026-09-21T23:00:15+00:00,2026-09-22T07:00:15,2026-09-22,7,2gis,1,,,
2026-09-21T23:00:15+00:00,2026-09-22T07:00:15,2026-09-22,7,yandex,0,На дорогах свободно,10243.8,
2026-09-22T00:00:00+00:00,2026-09-22T08:00:00,2026-09-22,8,2gis,5,,,
2026-09-22T00:00:00+00:00,2026-09-22T08:00:00,2026-09-22,8,yandex,5,Движение плотное,29881.1,
2026-09-22T01:00:00+00:00,2026-09-22T09:00:00,2026-09-22,9,2gis,3,,,
2026-09-22T01:00:00+00:00,2026-09-22T09:00:00,2026-09-22,9,yandex,5,Движение плотное,31089.6,
2026-09-22T02:00:00+00:00,2026-09-22T10:00:00,2026-09-22,10,2gis,2,,,
2026-09-22T02:00:00+00:00,2026-09-22T10:00:00,2026-09-22,10,yandex,3,Местами затруднения,27561.6,
2026-09-22T03:00:01+00:00,2026-09-22T11:00:01,2026-09-22,11,2gis,1,,,
2026-09-22T03:00:01+00:00,2026-09-22T11:00:01,2026-09-22,11,yandex,3,Местами затруднения,24792.7,
2026-09-22T04:00:00+00:00,2026-09-22T12:00:00,2026-09-22,12,2gis,1,,,
2026-09-22T04:00:00+00:00,2026-09-22T12:00:00,2026-09-22,12,yandex,3,Местами затруднения,27424.4,
2026-09-22T05:00:15+00:00,2026-09-22T13:00:15,2026-09-22,13,2gis,1,,,
2026-09-22T05:00:15+00:00,2026-09-22T13:00:15,2026-09-22,13,yandex,3,Местами затруднения,25896.7,
2026-09-22T06:00:16+00:00,2026-09-22T14:00:16,2026-09-22,14,2gis,1,,,
2026-09-22T06:00:16+00:00,2026-09-22T14:00:16,2026-09-22,14,yandex,3,Местами затруднения,24248.4,
2026-09-22T07:00:00+00:00,2026-09-22T15:00:00,2026-09-22,15,2gis,1,,,
2026-09-22T07:00:00+00:00,2026-09-22T15:00:00,2026-09-22,15,yandex,3,Местами затруднения,25965.8,
2026-09-22T08:00:00+00:00,2026-09-22T16:00:00,2026-09-22,16,2gis,1,,,
2026-09-22T08:00:00+00:00,2026-09-22T16:00:00,2026-09-22,16,yandex,3,Местами затруднения,23990.0,
2026-09-22T09:00:00+00:00,2026-09-22T17:00:00,2026-09-22,17,2gis,2,,,
2026-09-22T09:00:00+00:00,2026-09-22T17:00:00,2026-09-22,17,yandex,3,Местами затруднения,31381.3,
2026-09-22T10:00:00+00:00,2026-09-22T18:00:00,2026-09-22,18,2gis,5,,,
2026-09-22T10:00:00+00:00,2026-09-22T18:00:00,2026-09-22,18,yandex,6,Движение затруднено,43701.2,
2026-09-22T11:00:00+00:00,2026-09-22T19:00:00,2026-09-22,19,2gis,2,,,
2026-09-22T11:00:00+00:00,2026-09-22T19:00:00,2026-09-22,19,yandex,5,Движение плотное,33030.1,
2026-09-22T12:00:00+00:00,2026-09-22T20:00:00,2026-09-22,20,2gis,1,,,
2026-09-22T12:00:00+00:00,2026-09-22T20:00:00,2026-09-22,20,yandex,2,Дороги почти свободны,19174.6,
2026-09-22T13:00:00+00:00,2026-09-22T21:00:00,2026-09-22,21,2gis,1,,,
2026-09-22T13:00:00+00:00,2026-09-22T21:00:00,2026-09-22,21,yandex,2,Дороги почти свободны,13971.4,
2026-09-22T14:00:00+00:00,2026-09-22T22:00:00,2026-09-22,22,2gis,1,,,
2026-09-22T14:00:00+00:00,2026-09-22T22:00:00,2026-09-22,22,yandex,1,На дорогах свободно,10890.7,
2026-09-22T15:00:00+00:00,2026-09-22T23:00:00,2026-09-22,23,2gis,1,,,
2026-09-22T15:00:00+00:00,2026-09-22T23:00:00,2026-09-22,23,yandex,0,На дорогах свободно,7598.5,
2026-09-22T23:00:16+00:00,2026-09-23T07:00:16,2026-09-23,7,2gis,1,,,
2026-09-22T23:00:16+00:00,2026-09-23T07:00:16,2026-09-23,7,yandex,0,На дорогах свободно,7790.8,
2026-09-23T00:00:18+00:00,2026-09-23T08:00:18,2026-09-23,8,2gis,5,,,
2026-09-23T00:00:18+00:00,2026-09-23T08:00:18,2026-09-23,8,yandex,5,Движение плотное,29375.8,
2026-09-23T01:00:22+00:00,2026-09-23T09:00:22,2026-09-23,9,2gis,3,,,
2026-09-23T01:00:22+00:00,2026-09-23T09:00:22,2026-09-23,9,yandex,5,Движение плотное,32344.8,
2026-09-23T02:00:16+00:00,2026-09-23T10:00:16,2026-09-23,10,2gis,1,,,
2026-09-23T02:00:16+00:00,2026-09-23T10:00:16,2026-09-23,10,yandex,3,Местами затруднения,27632.8,
2026-09-23T03:00:16+00:00,2026-09-23T11:00:16,2026-09-23,11,2gis,1,,,
2026-09-23T03:00:16+00:00,2026-09-23T11:00:16,2026-09-23,11,yandex,3,Местами затруднения,25663.6,
2026-09-23T04:00:22+00:00,2026-09-23T12:00:22,2026-09-23,12,2gis,1,,,
2026-09-23T04:00:22+00:00,2026-09-23T12:00:22,2026-09-23,12,yandex,3,Местами затруднения,24898.1,
2026-09-23T05:00:20+00:00,2026-09-23T13:00:20,2026-09-23,13,2gis,1,,,
2026-09-23T05:00:20+00:00,2026-09-23T13:00:20,2026-09-23,13,yandex,4,Местами затруднения,24752.7,
2026-09-23T06:00:19+00:00,2026-09-23T14:00:19,2026-09-23,14,2gis,2,,,
2026-09-23T06:00:19+00:00,2026-09-23T14:00:19,2026-09-23,14,yandex,4,Местами затруднения,24713.5,
2026-09-23T07:00:00+00:00,2026-09-23T15:00:00,2026-09-23,15,2gis,1,,,
2026-09-23T07:00:00+00:00,2026-09-23T15:00:00,2026-09-23,15,yandex,3,Местами затруднения,24779.0,
2026-09-23T08:00:00+00:00,2026-09-23T16:00:00,2026-09-23,16,2gis,1,,,
2026-09-23T08:00:00+00:00,2026-09-23T16:00:00,2026-09-23,16,yandex,3,Местами затруднения,23909.9,
2026-09-23T09:00:00+00:00,2026-09-23T17:00:00,2026-09-23,17,2gis,2,,,
2026-09-23T09:00:00+00:00,2026-09-23T17:00:00,2026-09-23,17,yandex,4,Местами затруднения,31770.8,
2026-09-23T10:00:00+00:00,2026-09-23T18:00:00,2026-09-23,18,2gis,5,,,
2026-09-23T10:00:00+00:00,2026-09-23T18:00:00,2026-09-23,18,yandex,7,Серьёзные пробки,44649.7,
2026-09-23T11:00:00+00:00,2026-09-23T19:00:00,2026-09-23,19,2gis,3,,,
2026-09-23T11:00:00+00:00,2026-09-23T19:00:00,2026-09-23,19,yandex,6,Движение затруднено,39126.2,
2026-09-23T12:00:00+00:00,2026-09-23T20:00:00,2026-09-23,20,2gis,1,,,
2026-09-23T12:00:00+00:00,2026-09-23T20:00:00,2026-09-23,20,yandex,3,Местами затруднения,24985.5,
2026-09-23T13:00:00+00:00,2026-09-23T21:00:00,2026-09-23,21,2gis,1,,,
2026-09-23T13:00:00+00:00,2026-09-23T21:00:00,2026-09-23,21,yandex,2,Дороги почти свободны,14487.0,
2026-09-23T14:00:00+00:00,2026-09-23T22:00:00,2026-09-23,22,2gis,1,,,
2026-09-23T14:00:00+00:00,2026-09-23T22:00:00,2026-09-23,22,yandex,1,На дорогах свободно,12075.8,
2026-09-23T15:00:00+00:00,2026-09-23T23:00:00,2026-09-23,23,2gis,1,,,
2026-09-23T15:00:00+00:00,2026-09-23T23:00:00,2026-09-23,23,yandex,0,На дорогах свободно,8363.6,
2026-09-23T23:00:00+00:00,2026-09-24T07:00:00,2026-09-24,7,2gis,1,,,
2026-09-23T23:00:00+00:00,2026-09-24T07:00:00,2026-09-24,7,yandex,0,На дорогах свободно,9372.8,
2026-09-24T00:00:00+00:00,2026-09-24T08:00:00,2026-09-24,8,2gis,5,,,
2026-09-24T00:00:00+00:00,2026-09-24T08:00:00,2026-09-24,8,yandex,5,Движение плотное,30083.8,
2026-09-24T01:00:00+00:00,2026-09-24T09:00:00,2026-09-24,9,2gis,3,,,
2026-09-24T01:00:00+00:00,2026-09-24T09:00:00,2026-09-24,9,yandex,5,Движение плотное,35931.3,
2026-09-24T02:00:00+00:00,2026-09-24T10:00:00,2026-09-24,10,2gis,1,,,
2026-09-24T02:00:00+00:00,2026-09-24T10:00:00,2026-09-24,10,yandex,3,Местами затруднения,25819.5,
2026-09-24T03:00:00+00:00,2026-09-24T11:00:00,2026-09-24,11,2gis,1,,,
2026-09-24T03:00:00+00:00,2026-09-24T11:00:00,2026-09-24,11,yandex,2,Дороги почти свободны,24345.4,
2026-09-24T04:00:00+00:00,2026-09-24T12:00:00,2026-09-24,12,2gis,1,,,
2026-09-24T04:00:00+00:00,2026-09-24T12:00:00,2026-09-24,12,yandex,3,Местами затруднения,24848.3,
2026-09-24T05:00:17+00:00,2026-09-24T13:00:17,2026-09-24,13,2gis,1,,,
2026-09-24T05:00:17+00:00,2026-09-24T13:00:17,2026-09-24,13,yandex,3,Местами затруднения,22734.7,
2026-09-24T06:00:20+00:00,2026-09-24T14:00:20,2026-09-24,14,2gis,1,,,
2026-09-24T06:00:20+00:00,2026-09-24T14:00:20,2026-09-24,14,yandex,3,Местами затруднения,24600.5,
2026-09-24T07:00:00+00:00,2026-09-24T15:00:00,2026-09-24,15,2gis,1,,,
2026-09-24T07:00:00+00:00,2026-09-24T15:00:00,2026-09-24,15,yandex,3,Местами затруднения,23652.3,
2026-09-24T08:00:00+00:00,2026-09-24T16:00:00,2026-09-24,16,2gis,1,,,
2026-09-24T08:00:00+00:00,2026-09-24T16:00:00,2026-09-24,16,yandex,3,Местами затруднения,23878.4,
2026-09-24T09:00:00+00:00,2026-09-24T17:00:00,2026-09-24,17,2gis,2,,,
2026-09-24T09:00:00+00:00,2026-09-24T17:00:00,2026-09-24,17,yandex,3,Местами затруднения,25493.5,
2026-09-24T10:00:00+00:00,2026-09-24T18:00:00,2026-09-24,18,2gis,5,,,
2026-09-24T10:00:00+00:00,2026-09-24T18:00:00,2026-09-24,18,yandex,6,Движение затруднено,41076.6,
2026-09-24T11:00:00+00:00,2026-09-24T19:00:00,2026-09-24,19,2gis,3,,,
2026-09-24T11:00:00+00:00,2026-09-24T19:00:00,2026-09-24,19,yandex,5,Движение плотное,36961.6,
2026-09-24T12:00:00+00:00,2026-09-24T20:00:00,2026-09-24,20,2gis,1,,,
2026-09-24T12:00:00+00:00,2026-09-24T20:00:00,2026-09-24,20,yandex,4,Местами затруднения,26998.7,
2026-09-24T13:00:00+00:00,2026-09-24T21:00:00,2026-09-24,21,2gis,1,,,
2026-09-24T13:00:00+00:00,2026-09-24T21:00:00,2026-09-24,21,yandex,3,Местами затруднения,19039.1,
2026-09-24T14:00:01+00:00,2026-09-24T22:00:01,2026-09-24,22,2gis,1,,,
2026-09-24T14:00:01+00:00,2026-09-24T22:00:01,2026-09-24,22,yandex,1,На дорогах свободно,13355.5,
2026-09-24T15:00:00+00:00,2026-09-24T23:00:00,2026-09-24,23,2gis,1,,,
2026-09-24T15:00:00+00:00,2026-09-24T23:00:00,2026-09-24,23,yandex,0,На дорогах свободно,7261.1,
2026-09-24T23:00:20+00:00,2026-09-25T07:00:20,2026-09-25,7,2gis,1,,,
2026-09-24T23:00:20+00:00,2026-09-25T07:00:20,2026-09-25,7,yandex,0,На дорогах свободно,6573.9,
2026-09-25T00:00:00+00:00,2026-09-25T08:00:00,2026-09-25,8,2gis,4,,,
2026-09-25T00:00:00+00:00,2026-09-25T08:00:00,2026-09-25,8,yandex,4,Местами затруднения,26247.2,
2026-09-25T01:00:00+00:00,2026-09-25T09:00:00,2026-09-25,9,2gis,3,,,
2026-09-25T01:00:00+00:00,2026-09-25T09:00:00,2026-09-25,9,yandex,4,Местами затруднения,31272.0,
2026-09-25T02:00:00+00:00,2026-09-25T10:00:00,2026-09-25,10,2gis,1,,,
2026-09-25T02:00:00+00:00,2026-09-25T10:00:00,2026-09-25,10,yandex,3,Местами затруднения,25320.4,
2026-09-25T03:00:01+00:00,2026-09-25T11:00:01,2026-09-25,11,2gis,1,,,
2026-09-25T03:00:01+00:00,2026-09-25T11:00:01,2026-09-25,11,yandex,3,Местами затруднения,25654.5,
2026-09-25T04:00:00+00:00,2026-09-25T12:00:00,2026-09-25,12,2gis,2,,,
2026-09-25T04:00:00+00:00,2026-09-25T12:00:00,2026-09-25,12,yandex,3,Местами затруднения,25241.4,
2026-09-25T05:00:17+00:00,2026-09-25T13:00:17,2026-09-25,13,2gis,2,,,
2026-09-25T05:00:17+00:00,2026-09-25T13:00:17,2026-09-25,13,yandex,3,Местами затруднения,26043.7,
2026-09-25T06:00:25+00:00,2026-09-25T14:00:25,2026-09-25,14,2gis,3,,,
2026-09-25T06:00:25+00:00,2026-09-25T14:00:25,2026-09-25,14,yandex,4,Местами затруднения,28826.7,
2026-09-25T07:00:00+00:00,2026-09-25T15:00:00,2026-09-25,15,2gis,2,,,
2026-09-25T07:00:00+00:00,2026-09-25T15:00:00,2026-09-25,15,yandex,3,Местами затруднения,27290.6,
2026-09-25T08:00:00+00:00,2026-09-25T16:00:00,2026-09-25,16,2gis,3,,,
2026-09-25T08:00:00+00:00,2026-09-25T16:00:00,2026-09-25,16,yandex,4,Местами затруднения,28933.3,
2026-09-25T09:00:00+00:00,2026-09-25T17:00:00,2026-09-25,17,2gis,5,,,
2026-09-25T09:00:00+00:00,2026-09-25T17:00:00,2026-09-25,17,yandex,6,Движение затруднено,47702.3,
2026-09-25T10:00:00+00:00,2026-09-25T18:00:00,2026-09-25,18,2gis,6,,,
2026-09-25T10:00:00+00:00,2026-09-25T18:00:00,2026-09-25,18,yandex,8,Многокилометровые пробки,51086.0,
2026-09-25T11:00:00+00:00,2026-09-25T19:00:00,2026-09-25,19,2gis,3,,,
2026-09-25T11:00:00+00:00,2026-09-25T19:00:00,2026-09-25,19,yandex,6,Движение затруднено,40780.8,
2026-09-25T12:00:00+00:00,2026-09-25T20:00:00,2026-09-25,20,2gis,2,,,
2026-09-25T12:00:00+00:00,2026-09-25T20:00:00,2026-09-25,20,yandex,5,Движение плотное,31227.9,
2026-09-25T13:00:00+00:00,2026-09-25T21:00:00,2026-09-25,21,2gis,1,,,
2026-09-25T13:00:00+00:00,2026-09-25T21:00:00,2026-09-25,21,yandex,2,Дороги почти свободны,21325.9,
2026-09-25T14:00:00+00:00,2026-09-25T22:00:00,2026-09-25,22,2gis,1,,,
2026-09-25T14:00:00+00:00,2026-09-25T22:00:00,2026-09-25,22,yandex,1,На дорогах свободно,11890.2,
2026-09-25T15:00:00+00:00,2026-09-25T23:00:00,2026-09-25,23,2gis,1,,,
2026-09-25T15:00:00+00:00,2026-09-25T23:00:00,2026-09-25,23,yandex,1,На дорогах свободно,10658.9,
2026-09-25T23:00:00+00:00,2026-09-26T07:00:00,2026-09-26,7,2gis,1,,,
2026-09-25T23:00:00+00:00,2026-09-26T07:00:00,2026-09-26,7,yandex,0,На дорогах свободно,6001.7,
2026-09-26T00:00:00+00:00,2026-09-26T08:00:00,2026-09-26,8,2gis,1,,,
2026-09-26T00:00:00+00:00,2026-09-26T08:00:00,2026-09-26,8,yandex,1,На дорогах свободно,10323.7,
2026-09-26T01:00:00+00:00,2026-09-26T09:00:00,2026-09-26,9,2gis,1,,,
2026-09-26T01:00:00+00:00,2026-09-26T09:00:00,2026-09-26,9,yandex,1,На дорогах свободно,11160.5,
2026-09-26T02:00:00+00:00,2026-09-26T10:00:00,2026-09-26,10,2gis,1,,,
2026-09-26T02:00:00+00:00,2026-09-26T10:00:00,2026-09-26,10,yandex,1,На дорогах свободно,17739.7,
2026-09-26T03:00:00+00:00,2026-09-26T11:00:00,2026-09-26,11,2gis,1,,,
2026-09-26T03:00:00+00:00,2026-09-26T11:00:00,2026-09-26,11,yandex,2,Дороги почти свободны,19905.0,
2026-09-26T04:00:00+00:00,2026-09-26T12:00:00,2026-09-26,12,2gis,1,,,
2026-09-26T04:00:00+00:00,2026-09-26T12:00:00,2026-09-26,12,yandex,2,Дороги почти свободны,23539.1,
2026-09-26T05:00:55+00:00,2026-09-26T13:00:55,2026-09-26,13,2gis,2,,,
2026-09-26T05:00:55+00:00,2026-09-26T13:00:55,2026-09-26,13,yandex,3,Местами затруднения,30242.5,
2026-09-26T06:00:59+00:00,2026-09-26T14:00:59,2026-09-26,14,2gis,2,,,
2026-09-26T06:00:59+00:00,2026-09-26T14:00:59,2026-09-26,14,yandex,4,Местами затруднения,30412.2,
2026-09-26T07:00:00+00:00,2026-09-26T15:00:00,2026-09-26,15,2gis,3,,,
2026-09-26T07:00:00+00:00,2026-09-26T15:00:00,2026-09-26,15,yandex,5,Движение плотное,30421.2,
2026-09-26T08:00:00+00:00,2026-09-26T16:00:00,2026-09-26,16,2gis,2,,,
2026-09-26T08:00:00+00:00,2026-09-26T16:00:00,2026-09-26,16,yandex,6,Движение затруднено,33647.7,
2026-09-26T09:00:00+00:00,2026-09-26T17:00:00,2026-09-26,17,2gis,1,,,
2026-09-26T09:00:00+00:00,2026-09-26T17:00:00,2026-09-26,17,yandex,4,Местами затруднения,30320.0,
2026-09-26T10:00:00+00:00,2026-09-26T18:00:00,2026-09-26,18,2gis,1,,,
2026-09-26T10:00:00+00:00,2026-09-26T18:00:00,2026-09-26,18,yandex,4,Местами затруднения,25726.0,
2026-09-26T11:00:00+00:00,2026-09-26T19:00:00,2026-09-26,19,2gis,1,,,
2026-09-26T11:00:00+00:00,2026-09-26T19:00:00,2026-09-26,19,yandex,3,Местами затруднения,20807.7,
2026-09-26T12:00:00+00:00,2026-09-26T20:00:00,2026-09-26,20,2gis,1,,,
2026-09-26T12:00:00+00:00,2026-09-26T20:00:00,2026-09-26,20,yandex,2,Дороги почти свободны,18213.9,
2026-09-26T13:00:59+00:00,2026-09-26T21:00:59,2026-09-26,21,2gis,1,,,
2026-09-26T13:00:59+00:00,2026-09-26T21:00:59,2026-09-26,21,yandex,2,Дороги почти свободны,15565.2,
